{
	"credit": "Yuushya",
	"ambientocclusion": false,
	"textures": {
		"0": "block/amethyst_",
		"6": "block/reinforced_deepslate_bottom",
		"8": "block/sculk_shrieker_side",
		"9": "block/sculk_gradient",
		"10": "block/sculk_shrieker_top",
		"main": "block/azure/butterfly2_s_p",
		"particle": "block/amethyst_"
	},
	"elements": [
		{
			"from": [5, 15, 2],
			"to": [9.5, 15, 5.5],
			"rotation": {"angle": 22.5, "axis": "x", "origin": [7.25, 15, 5.75]},
			"faces": {
				"north": {"uv": [0, 0, 0, 0], "texture": "#main"},
				"east": {"uv": [0, 0, 0, 0], "texture": "#main"},
				"south": {"uv": [0, 0, 0, 0], "texture": "#main"},
				"west": {"uv": [0, 0, 0, 0], "texture": "#main"},
				"up": {"uv": [0, 0, 1.3125, 1.75], "rotation": 90, "texture": "#main"},
				"down": {"uv": [1.3125, 0, 0, 1.75], "rotation": 90, "texture": "#main"}
			}
		},
		{
			"from": [5, 15, 6],
			"to": [9.5, 15, 9.5],
			"rotation": {"angle": -22.5, "axis": "x", "origin": [7.25, 15, 5.75]},
			"faces": {
				"north": {"uv": [0, 0, 0.5625, 0], "rotation": 180, "texture": "#main"},
				"east": {"uv": [0, 0, 0.4375, 0], "rotation": 180, "texture": "#main"},
				"south": {"uv": [0, 0, 0.5625, 0], "rotation": 180, "texture": "#main"},
				"west": {"uv": [0, 0, 0.4375, 0], "rotation": 180, "texture": "#main"},
				"up": {"uv": [1.3125, 0, 0, 1.75], "rotation": 90, "texture": "#main"},
				"down": {"uv": [0, 0, 1.3125, 1.75], "rotation": 90, "texture": "#main"}
			}
		},
		{
			"from": [6, 14.9, 5.5],
			"to": [8, 15.25, 6.1],
			"rotation": {"angle": 0, "axis": "y", "origin": [13, 23, 10]},
			"faces": {
				"north": {"uv": [1.625, 0.5, 1.9375, 1.45], "rotation": 90, "texture": "#main"},
				"east": {"uv": [1.625, 0.5, 1.9375, 1.45], "rotation": 90, "texture": "#main"},
				"south": {"uv": [1.625, 0.5, 1.9375, 1.45], "rotation": 90, "texture": "#main"},
				"west": {"uv": [1.625, 0.5, 1.9375, 1.45], "rotation": 90, "texture": "#main"},
				"up": {"uv": [1.625, 0.5, 1.9375, 1.45], "rotation": 90, "texture": "#main"},
				"down": {"uv": [1.625, 0.5, 1.9375, 1.45], "rotation": 90, "texture": "#main"}
			}
		},
		{
			"from": [8, 15.1, 5.5],
			"to": [9, 15.1, 6.1],
			"rotation": {"angle": 0, "axis": "y", "origin": [13, 23, 10]},
			"faces": {
				"north": {"uv": [1.625, 0.5, 1.9375, 1.45], "rotation": 90, "texture": "#main"},
				"east": {"uv": [1.625, 0, 1.9375, 0.5125], "rotation": 90, "texture": "#main"},
				"south": {"uv": [1.625, 0.5, 1.9375, 1.45], "rotation": 90, "texture": "#main"},
				"west": {"uv": [1.625, 0.5, 1.9375, 1.45], "rotation": 90, "texture": "#main"},
				"up": {"uv": [1.625, 0, 1.9375, 0.5125], "rotation": 90, "texture": "#main"},
				"down": {"uv": [1.625, 0, 1.9375, 0.5125], "rotation": 90, "texture": "#main"}
			}
		},
		{
			"from": [9, 15.1, 5.5],
			"to": [10, 15.1, 6.1],
			"rotation": {"angle": 0, "axis": "y", "origin": [14, 23, 10]},
			"faces": {
				"north": {"uv": [3.625, 0.5, 3.9375, 1.45], "rotation": 90, "texture": "#main"},
				"east": {"uv": [3.625, 0, 3.9375, 0.5125], "rotation": 90, "texture": "#main"},
				"south": {"uv": [3.625, 0.5, 3.9375, 1.45], "rotation": 90, "texture": "#main"},
				"west": {"uv": [3.625, 0.5, 3.9375, 1.45], "rotation": 90, "texture": "#main"},
				"up": {"uv": [3.625, 0, 3.9375, 0.5125], "rotation": 90, "texture": "#main"},
				"down": {"uv": [3.625, 0, 3.9375, 0.5125], "rotation": 90, "texture": "#main"}
			}
		},
		{
			"from": [7, 14.9, 5.5],
			"to": [9, 15.25, 6.1],
			"rotation": {"angle": 0, "axis": "y", "origin": [14, 23, 10]},
			"faces": {
				"north": {"uv": [3.625, 0.5, 3.9375, 1.45], "rotation": 90, "texture": "#main"},
				"east": {"uv": [3.625, 0.5, 3.9375, 1.45], "rotation": 90, "texture": "#main"},
				"south": {"uv": [3.625, 0.5, 3.9375, 1.45], "rotation": 90, "texture": "#main"},
				"west": {"uv": [3.625, 0.5, 3.9375, 1.45], "rotation": 90, "texture": "#main"},
				"up": {"uv": [3.625, 0.5, 3.9375, 1.45], "rotation": 90, "texture": "#main"},
				"down": {"uv": [3.625, 0.5, 3.9375, 1.45], "rotation": 90, "texture": "#main"}
			}
		},
		{
			"from": [6, 15, 6],
			"to": [10.5, 15, 9.5],
			"rotation": {"angle": -45, "axis": "x", "origin": [8.25, 15, 5.75]},
			"faces": {
				"north": {"uv": [2, 0, 2.5625, 0], "rotation": 180, "texture": "#main"},
				"east": {"uv": [2, 0, 2.4375, 0], "rotation": 180, "texture": "#main"},
				"south": {"uv": [2, 0, 2.5625, 0], "rotation": 180, "texture": "#main"},
				"west": {"uv": [2, 0, 2.4375, 0], "rotation": 180, "texture": "#main"},
				"up": {"uv": [3.3125, 0, 2, 1.75], "rotation": 90, "texture": "#main"},
				"down": {"uv": [2, 0, 3.3125, 1.75], "rotation": 90, "texture": "#main"}
			}
		},
		{
			"from": [6, 15, 2],
			"to": [10.5, 15, 5.5],
			"rotation": {"angle": 45, "axis": "x", "origin": [8.25, 15, 5.75]},
			"faces": {
				"north": {"uv": [0, 0, 0, 0], "texture": "#main"},
				"east": {"uv": [0, 0, 0, 0], "texture": "#main"},
				"south": {"uv": [0, 0, 0, 0], "texture": "#main"},
				"west": {"uv": [0, 0, 0, 0], "texture": "#main"},
				"up": {"uv": [2, 0, 3.3125, 1.75], "rotation": 90, "texture": "#main"},
				"down": {"uv": [3.3125, 0, 2, 1.75], "rotation": 90, "texture": "#main"}
			}
		},
		{
			"from": [10, 16.1, 5.5],
			"to": [11, 16.1, 6.1],
			"rotation": {"angle": 0, "axis": "y", "origin": [15, 24, 10]},
			"faces": {
				"north": {"uv": [5.625, 0.5, 5.9375, 1.45], "rotation": 90, "texture": "#main"},
				"east": {"uv": [5.625, 0, 5.9375, 0.5125], "rotation": 90, "texture": "#main"},
				"south": {"uv": [5.625, 0.5, 5.9375, 1.45], "rotation": 90, "texture": "#main"},
				"west": {"uv": [5.625, 0.5, 5.9375, 1.45], "rotation": 90, "texture": "#main"},
				"up": {"uv": [5.625, 0, 5.9375, 0.5125], "rotation": 90, "texture": "#main"},
				"down": {"uv": [5.625, 0, 5.9375, 0.5125], "rotation": 90, "texture": "#main"}
			}
		},
		{
			"from": [8, 15.9, 5.5],
			"to": [10, 16.25, 6.1],
			"rotation": {"angle": 0, "axis": "y", "origin": [15, 24, 10]},
			"faces": {
				"north": {"uv": [5.625, 0.5, 5.9375, 1.45], "rotation": 90, "texture": "#main"},
				"east": {"uv": [5.625, 0.5, 5.9375, 1.45], "rotation": 90, "texture": "#main"},
				"south": {"uv": [5.625, 0.5, 5.9375, 1.45], "rotation": 90, "texture": "#main"},
				"west": {"uv": [5.625, 0.5, 5.9375, 1.45], "rotation": 90, "texture": "#main"},
				"up": {"uv": [5.625, 0.5, 5.9375, 1.45], "rotation": 90, "texture": "#main"},
				"down": {"uv": [5.625, 0.5, 5.9375, 1.45], "rotation": 90, "texture": "#main"}
			}
		},
		{
			"from": [7, 16.25, 5.75],
			"to": [11.5, 19.75, 5.75],
			"rotation": {"angle": 22.5, "axis": "x", "origin": [9.25, 16, 5.75]},
			"faces": {
				"north": {"uv": [5.3125, 0, 4, 1.75], "rotation": 270, "texture": "#main"},
				"east": {"uv": [4, 0, 4.4375, 0], "rotation": 270, "texture": "#main"},
				"south": {"uv": [4, 0, 5.3125, 1.75], "rotation": 90, "texture": "#main"},
				"west": {"uv": [4, 0, 4.4375, 0], "rotation": 90, "texture": "#main"},
				"up": {"uv": [4, 0, 4.5625, 0], "rotation": 180, "texture": "#main"},
				"down": {"uv": [4, 0, 4.5625, 0], "texture": "#main"}
			}
		},
		{
			"from": [7, 16.25, 5.75],
			"to": [11.5, 19.75, 5.75],
			"rotation": {"angle": -22.5, "axis": "x", "origin": [9.25, 16, 5.75]},
			"faces": {
				"north": {"uv": [5.3125, 0, 4, 1.75], "rotation": 270, "texture": "#main"},
				"east": {"uv": [0, 0, 0, 0], "texture": "#main"},
				"south": {"uv": [4, 0, 5.3125, 1.75], "rotation": 90, "texture": "#main"},
				"west": {"uv": [0, 0, 0, 0], "texture": "#main"},
				"up": {"uv": [0, 0, 0, 0], "texture": "#main"},
				"down": {"uv": [0, 0, 0, 0], "texture": "#main"}
			}
		},
		{
			"from": [11, 17.1, 5.5],
			"to": [12, 17.1, 6.1],
			"rotation": {"angle": 0, "axis": "y", "origin": [16, 25, 10]},
			"faces": {
				"north": {"uv": [7.625, 0.5, 7.9375, 1.45], "rotation": 90, "texture": "#main"},
				"east": {"uv": [7.625, 0, 7.9375, 0.5125], "rotation": 90, "texture": "#main"},
				"south": {"uv": [7.625, 0.5, 7.9375, 1.45], "rotation": 90, "texture": "#main"},
				"west": {"uv": [7.625, 0.5, 7.9375, 1.45], "rotation": 90, "texture": "#main"},
				"up": {"uv": [7.625, 0, 7.9375, 0.5125], "rotation": 90, "texture": "#main"},
				"down": {"uv": [7.625, 0, 7.9375, 0.5125], "rotation": 90, "texture": "#main"}
			}
		},
		{
			"from": [9, 16.9, 5.5],
			"to": [11, 17.25, 6.1],
			"rotation": {"angle": 0, "axis": "y", "origin": [16, 25, 10]},
			"faces": {
				"north": {"uv": [7.625, 0.5, 7.9375, 1.45], "rotation": 90, "texture": "#main"},
				"east": {"uv": [7.625, 0.5, 7.9375, 1.45], "rotation": 90, "texture": "#main"},
				"south": {"uv": [7.625, 0.5, 7.9375, 1.45], "rotation": 90, "texture": "#main"},
				"west": {"uv": [7.625, 0.5, 7.9375, 1.45], "rotation": 90, "texture": "#main"},
				"up": {"uv": [7.625, 0.5, 7.9375, 1.45], "rotation": 90, "texture": "#main"},
				"down": {"uv": [7.625, 0.5, 7.9375, 1.45], "rotation": 90, "texture": "#main"}
			}
		},
		{
			"from": [8, 17.25, 5.75],
			"to": [12.5, 20.75, 5.75],
			"rotation": {"angle": 0, "axis": "y", "origin": [10.25, 17, 5.75]},
			"faces": {
				"north": {"uv": [7.3125, 0, 6, 1.75], "rotation": 270, "texture": "#main"},
				"east": {"uv": [6, 0, 6.4375, 0], "rotation": 270, "texture": "#main"},
				"south": {"uv": [6, 0, 7.3125, 1.75], "rotation": 90, "texture": "#main"},
				"west": {"uv": [6, 0, 6.4375, 0], "rotation": 90, "texture": "#main"},
				"up": {"uv": [6, 0, 6.5625, 0], "rotation": 180, "texture": "#main"},
				"down": {"uv": [6, 0, 6.5625, 0], "texture": "#main"}
			}
		},
		{
			"from": [8, 17.25, 5.75],
			"to": [12.5, 20.75, 5.75],
			"rotation": {"angle": 0, "axis": "y", "origin": [10.25, 17, 5.75]},
			"faces": {
				"north": {"uv": [7.3125, 0, 6, 1.75], "rotation": 270, "texture": "#main"},
				"east": {"uv": [0, 0, 0, 0], "texture": "#main"},
				"south": {"uv": [6, 0, 7.3125, 1.75], "rotation": 90, "texture": "#main"},
				"west": {"uv": [0, 0, 0, 0], "texture": "#main"},
				"up": {"uv": [0, 0, 0, 0], "texture": "#main"},
				"down": {"uv": [0, 0, 0, 0], "texture": "#main"}
			}
		},
		{
			"from": [9, 17.1, 7.5],
			"to": [10, 17.1, 8.1],
			"rotation": {"angle": -22.5, "axis": "y", "origin": [14, 25, 12]},
			"faces": {
				"north": {"uv": [9.625, 0.5, 9.9375, 1.45], "rotation": 90, "texture": "#main"},
				"east": {"uv": [9.625, 0, 9.9375, 0.5125], "rotation": 90, "texture": "#main"},
				"south": {"uv": [9.625, 0.5, 9.9375, 1.45], "rotation": 90, "texture": "#main"},
				"west": {"uv": [9.625, 0.5, 9.9375, 1.45], "rotation": 90, "texture": "#main"},
				"up": {"uv": [9.625, 0, 9.9375, 0.5125], "rotation": 90, "texture": "#main"},
				"down": {"uv": [9.625, 0, 9.9375, 0.5125], "rotation": 90, "texture": "#main"}
			}
		},
		{
			"from": [7, 16.9, 7.5],
			"to": [9, 17.25, 8.1],
			"rotation": {"angle": -22.5, "axis": "y", "origin": [14, 25, 12]},
			"faces": {
				"north": {"uv": [9.625, 0.5, 9.9375, 1.45], "rotation": 90, "texture": "#main"},
				"east": {"uv": [9.625, 0.5, 9.9375, 1.45], "rotation": 90, "texture": "#main"},
				"south": {"uv": [9.625, 0.5, 9.9375, 1.45], "rotation": 90, "texture": "#main"},
				"west": {"uv": [9.625, 0.5, 9.9375, 1.45], "rotation": 90, "texture": "#main"},
				"up": {"uv": [9.625, 0.5, 9.9375, 1.45], "rotation": 90, "texture": "#main"},
				"down": {"uv": [9.625, 0.5, 9.9375, 1.45], "rotation": 90, "texture": "#main"}
			}
		},
		{
			"from": [8, 17.25, 5.75],
			"to": [12.5, 20.75, 5.75],
			"rotation": {"angle": -22.5, "axis": "y", "origin": [10.25, 17, 5.75]},
			"faces": {
				"north": {"uv": [9.3125, 0, 8, 1.75], "rotation": 270, "texture": "#main"},
				"east": {"uv": [8, 0, 8.4375, 0], "rotation": 270, "texture": "#main"},
				"south": {"uv": [8, 0, 9.3125, 1.75], "rotation": 90, "texture": "#main"},
				"west": {"uv": [8, 0, 8.4375, 0], "rotation": 90, "texture": "#main"},
				"up": {"uv": [8, 0, 8.5625, 0], "rotation": 180, "texture": "#main"},
				"down": {"uv": [8, 0, 8.5625, 0], "texture": "#main"}
			}
		},
		{
			"from": [8, 17.25, 5.75],
			"to": [12.5, 20.75, 5.75],
			"rotation": {"angle": -22.5, "axis": "y", "origin": [10.25, 17, 5.75]},
			"faces": {
				"north": {"uv": [9.3125, 0, 8, 1.75], "rotation": 270, "texture": "#main"},
				"east": {"uv": [0, 0, 0, 0], "texture": "#main"},
				"south": {"uv": [8, 0, 9.3125, 1.75], "rotation": 90, "texture": "#main"},
				"west": {"uv": [0, 0, 0, 0], "texture": "#main"},
				"up": {"uv": [0, 0, 0, 0], "texture": "#main"},
				"down": {"uv": [0, 0, 0, 0], "texture": "#main"}
			}
		},
		{
			"from": [10, 17.1, 7.5],
			"to": [11, 17.1, 8.1],
			"rotation": {"angle": -22.5, "axis": "y", "origin": [15, 25, 12]},
			"faces": {
				"north": {"uv": [11.625, 0.5, 11.9375, 1.45], "rotation": 90, "texture": "#main"},
				"east": {"uv": [11.625, 0, 11.9375, 0.5125], "rotation": 90, "texture": "#main"},
				"south": {"uv": [11.625, 0.5, 11.9375, 1.45], "rotation": 90, "texture": "#main"},
				"west": {"uv": [11.625, 0.5, 11.9375, 1.45], "rotation": 90, "texture": "#main"},
				"up": {"uv": [11.625, 0, 11.9375, 0.5125], "rotation": 90, "texture": "#main"},
				"down": {"uv": [11.625, 0, 11.9375, 0.5125], "rotation": 90, "texture": "#main"}
			}
		},
		{
			"from": [8, 16.9, 7.5],
			"to": [10, 17.25, 8.1],
			"rotation": {"angle": -22.5, "axis": "y", "origin": [15, 25, 12]},
			"faces": {
				"north": {"uv": [11.625, 0.5, 11.9375, 1.45], "rotation": 90, "texture": "#main"},
				"east": {"uv": [11.625, 0.5, 11.9375, 1.45], "rotation": 90, "texture": "#main"},
				"south": {"uv": [11.625, 0.5, 11.9375, 1.45], "rotation": 90, "texture": "#main"},
				"west": {"uv": [11.625, 0.5, 11.9375, 1.45], "rotation": 90, "texture": "#main"},
				"up": {"uv": [11.625, 0.5, 11.9375, 1.45], "rotation": 90, "texture": "#main"},
				"down": {"uv": [11.625, 0.5, 11.9375, 1.45], "rotation": 90, "texture": "#main"}
			}
		},
		{
			"from": [9, 17.25, 5.75],
			"to": [13.5, 20.75, 5.75],
			"rotation": {"angle": -22.5, "axis": "y", "origin": [11.25, 17, 5.75]},
			"faces": {
				"north": {"uv": [11.3125, 0, 10, 1.75], "rotation": 270, "texture": "#main"},
				"east": {"uv": [10, 0, 10.4375, 0], "rotation": 270, "texture": "#main"},
				"south": {"uv": [10, 0, 11.3125, 1.75], "rotation": 90, "texture": "#main"},
				"west": {"uv": [10, 0, 10.4375, 0], "rotation": 90, "texture": "#main"},
				"up": {"uv": [10, 0, 10.5625, 0], "rotation": 180, "texture": "#main"},
				"down": {"uv": [10, 0, 10.5625, 0], "texture": "#main"}
			}
		},
		{
			"from": [9, 17.25, 5.75],
			"to": [13.5, 20.75, 5.75],
			"rotation": {"angle": -22.5, "axis": "y", "origin": [11.25, 17, 5.75]},
			"faces": {
				"north": {"uv": [11.3125, 0, 10, 1.75], "rotation": 270, "texture": "#main"},
				"east": {"uv": [0, 0, 0, 0], "texture": "#main"},
				"south": {"uv": [10, 0, 11.3125, 1.75], "rotation": 90, "texture": "#main"},
				"west": {"uv": [0, 0, 0, 0], "texture": "#main"},
				"up": {"uv": [0, 0, 0, 0], "texture": "#main"},
				"down": {"uv": [0, 0, 0, 0], "texture": "#main"}
			}
		},
		{
			"from": [9, 17.1, 9.5],
			"to": [10, 17.1, 10.1],
			"rotation": {"angle": -45, "axis": "y", "origin": [14, 25, 14]},
			"faces": {
				"north": {"uv": [13.625, 0.5, 13.9375, 1.45], "rotation": 90, "texture": "#main"},
				"east": {"uv": [13.625, 0, 13.9375, 0.5125], "rotation": 90, "texture": "#main"},
				"south": {"uv": [13.625, 0.5, 13.9375, 1.45], "rotation": 90, "texture": "#main"},
				"west": {"uv": [13.625, 0.5, 13.9375, 1.45], "rotation": 90, "texture": "#main"},
				"up": {"uv": [13.625, 0, 13.9375, 0.5125], "rotation": 90, "texture": "#main"},
				"down": {"uv": [13.625, 0, 13.9375, 0.5125], "rotation": 90, "texture": "#main"}
			}
		},
		{
			"from": [7, 16.9, 9.5],
			"to": [9, 17.25, 10.1],
			"rotation": {"angle": -45, "axis": "y", "origin": [14, 25, 14]},
			"faces": {
				"north": {"uv": [13.625, 0.5, 13.9375, 1.45], "rotation": 90, "texture": "#main"},
				"east": {"uv": [13.625, 0.5, 13.9375, 1.45], "rotation": 90, "texture": "#main"},
				"south": {"uv": [13.625, 0.5, 13.9375, 1.45], "rotation": 90, "texture": "#main"},
				"west": {"uv": [13.625, 0.5, 13.9375, 1.45], "rotation": 90, "texture": "#main"},
				"up": {"uv": [13.625, 0.5, 13.9375, 1.45], "rotation": 90, "texture": "#main"},
				"down": {"uv": [13.625, 0.5, 13.9375, 1.45], "rotation": 90, "texture": "#main"}
			}
		},
		{
			"from": [10.5, 17.25, 6.5],
			"to": [15, 20.75, 6.5],
			"rotation": {"angle": -45, "axis": "y", "origin": [12.25, 17, 6.75]},
			"faces": {
				"north": {"uv": [13.3125, 0, 12, 1.75], "rotation": 270, "texture": "#main"},
				"east": {"uv": [12, 0, 12.4375, 0], "rotation": 270, "texture": "#main"},
				"south": {"uv": [12, 0, 13.3125, 1.75], "rotation": 90, "texture": "#main"},
				"west": {"uv": [12, 0, 12.4375, 0], "rotation": 90, "texture": "#main"},
				"up": {"uv": [12, 0, 12.5625, 0], "rotation": 180, "texture": "#main"},
				"down": {"uv": [12, 0, 12.5625, 0], "texture": "#main"}
			}
		},
		{
			"from": [10.5, 17.25, 6.5],
			"to": [15, 20.75, 6.5],
			"rotation": {"angle": -45, "axis": "y", "origin": [12.25, 17, 6.75]},
			"faces": {
				"north": {"uv": [13.3125, 0, 12, 1.75], "rotation": 270, "texture": "#main"},
				"east": {"uv": [0, 0, 0, 0], "texture": "#main"},
				"south": {"uv": [12, 0, 13.3125, 1.75], "rotation": 90, "texture": "#main"},
				"west": {"uv": [0, 0, 0, 0], "texture": "#main"},
				"up": {"uv": [0, 0, 0, 0], "texture": "#main"},
				"down": {"uv": [0, 0, 0, 0], "texture": "#main"}
			}
		},
		{
			"from": [13.9, 18.1, 10],
			"to": [14.5, 18.1, 11],
			"rotation": {"angle": 0, "axis": "y", "origin": [10, 26, 15]},
			"faces": {
				"north": {"uv": [15.625, 0.5, 15.9375, 1.45], "rotation": 90, "texture": "#main"},
				"east": {"uv": [15.625, 0.5, 15.9375, 1.45], "rotation": 90, "texture": "#main"},
				"south": {"uv": [15.625, 0, 15.9375, 0.5125], "rotation": 90, "texture": "#main"},
				"west": {"uv": [15.625, 0.5, 15.9375, 1.45], "rotation": 90, "texture": "#main"},
				"up": {"uv": [15.625, 0, 15.9375, 0.5125], "rotation": 180, "texture": "#main"},
				"down": {"uv": [15.625, 0, 15.9375, 0.5125], "texture": "#main"}
			}
		},
		{
			"from": [13.9, 17.9, 8],
			"to": [14.5, 18.25, 10],
			"rotation": {"angle": 0, "axis": "y", "origin": [10, 26, 15]},
			"faces": {
				"north": {"uv": [15.625, 0.5, 15.9375, 1.45], "rotation": 90, "texture": "#main"},
				"east": {"uv": [15.625, 0.5, 15.9375, 1.45], "rotation": 90, "texture": "#main"},
				"south": {"uv": [15.625, 0.5, 15.9375, 1.45], "rotation": 90, "texture": "#main"},
				"west": {"uv": [15.625, 0.5, 15.9375, 1.45], "rotation": 90, "texture": "#main"},
				"up": {"uv": [15.625, 0.5, 15.9375, 1.45], "rotation": 180, "texture": "#main"},
				"down": {"uv": [15.625, 0.5, 15.9375, 1.45], "texture": "#main"}
			}
		},
		{
			"from": [14.25, 18.25, 7],
			"to": [14.25, 21.75, 11.5],
			"rotation": {"angle": -22.5, "axis": "z", "origin": [14.25, 18, 8.75]},
			"faces": {
				"north": {"uv": [14, 0, 14.4375, 0], "rotation": 90, "texture": "#main"},
				"east": {"uv": [15.3125, 0, 14, 1.75], "rotation": 270, "texture": "#main"},
				"south": {"uv": [14, 0, 14.4375, 0], "rotation": 270, "texture": "#main"},
				"west": {"uv": [14, 0, 15.3125, 1.75], "rotation": 90, "texture": "#main"},
				"up": {"uv": [14, 0, 14.5625, 0], "rotation": 270, "texture": "#main"},
				"down": {"uv": [14, 0, 14.5625, 0], "rotation": 270, "texture": "#main"}
			}
		},
		{
			"from": [14.25, 18.25, 7],
			"to": [14.25, 21.75, 11.5],
			"rotation": {"angle": 22.5, "axis": "z", "origin": [14.25, 18, 8.75]},
			"faces": {
				"north": {"uv": [0, 0, 0, 0], "texture": "#main"},
				"east": {"uv": [15.3125, 0, 14, 1.75], "rotation": 270, "texture": "#main"},
				"south": {"uv": [0, 0, 0, 0], "texture": "#main"},
				"west": {"uv": [14, 0, 15.3125, 1.75], "rotation": 90, "texture": "#main"},
				"up": {"uv": [0, 0, 0, 0], "texture": "#main"},
				"down": {"uv": [0, 0, 0, 0], "texture": "#main"}
			}
		},
		{
			"from": [12.9, 17.1, 11],
			"to": [13.5, 17.1, 12],
			"rotation": {"angle": 0, "axis": "y", "origin": [9, 25, 16]},
			"faces": {
				"north": {"uv": [1.625, 2.5, 1.9375, 3.45], "rotation": 90, "texture": "#main"},
				"east": {"uv": [1.625, 2.5, 1.9375, 3.45], "rotation": 90, "texture": "#main"},
				"south": {"uv": [1.625, 2, 1.9375, 2.5125], "rotation": 90, "texture": "#main"},
				"west": {"uv": [1.625, 2.5, 1.9375, 3.45], "rotation": 90, "texture": "#main"},
				"up": {"uv": [1.625, 2, 1.9375, 2.5125], "rotation": 180, "texture": "#main"},
				"down": {"uv": [1.625, 2, 1.9375, 2.5125], "texture": "#main"}
			}
		},
		{
			"from": [12.9, 16.9, 9],
			"to": [13.5, 17.25, 11],
			"rotation": {"angle": 0, "axis": "y", "origin": [9, 25, 16]},
			"faces": {
				"north": {"uv": [1.625, 2.5, 1.9375, 3.45], "rotation": 90, "texture": "#main"},
				"east": {"uv": [1.625, 2.5, 1.9375, 3.45], "rotation": 90, "texture": "#main"},
				"south": {"uv": [1.625, 2.5, 1.9375, 3.45], "rotation": 90, "texture": "#main"},
				"west": {"uv": [1.625, 2.5, 1.9375, 3.45], "rotation": 90, "texture": "#main"},
				"up": {"uv": [1.625, 2.5, 1.9375, 3.45], "rotation": 180, "texture": "#main"},
				"down": {"uv": [1.625, 2.5, 1.9375, 3.45], "texture": "#main"}
			}
		},
		{
			"from": [13.25, 17.25, 8],
			"to": [13.25, 20.75, 12.5],
			"rotation": {"angle": -45, "axis": "z", "origin": [13.25, 17, 9.75]},
			"faces": {
				"north": {"uv": [0, 2, 0.4375, 2], "rotation": 90, "texture": "#main"},
				"east": {"uv": [1.3125, 2, 0, 3.75], "rotation": 270, "texture": "#main"},
				"south": {"uv": [0, 2, 0.4375, 2], "rotation": 270, "texture": "#main"},
				"west": {"uv": [0, 2, 1.3125, 3.75], "rotation": 90, "texture": "#main"},
				"up": {"uv": [0, 2, 0.5625, 2], "rotation": 270, "texture": "#main"},
				"down": {"uv": [0, 2, 0.5625, 2], "rotation": 270, "texture": "#main"}
			}
		},
		{
			"from": [13.25, 17.25, 8],
			"to": [13.25, 20.75, 12.5],
			"rotation": {"angle": 45, "axis": "z", "origin": [13.25, 17, 9.75]},
			"faces": {
				"north": {"uv": [0, 0, 0, 0], "texture": "#main"},
				"east": {"uv": [1.3125, 2, 0, 3.75], "rotation": 270, "texture": "#main"},
				"south": {"uv": [0, 0, 0, 0], "texture": "#main"},
				"west": {"uv": [0, 2, 1.3125, 3.75], "rotation": 90, "texture": "#main"},
				"up": {"uv": [0, 0, 0, 0], "texture": "#main"},
				"down": {"uv": [0, 0, 0, 0], "texture": "#main"}
			}
		},
		{
			"from": [12.9, 15.1, 11],
			"to": [13.5, 15.1, 12],
			"rotation": {"angle": 0, "axis": "y", "origin": [9, 23, 16]},
			"faces": {
				"north": {"uv": [3.625, 2.5, 3.9375, 3.45], "rotation": 90, "texture": "#main"},
				"east": {"uv": [3.625, 2.5, 3.9375, 3.45], "rotation": 90, "texture": "#main"},
				"south": {"uv": [3.625, 2, 3.9375, 2.5125], "rotation": 90, "texture": "#main"},
				"west": {"uv": [3.625, 2.5, 3.9375, 3.45], "rotation": 90, "texture": "#main"},
				"up": {"uv": [3.625, 2, 3.9375, 2.5125], "rotation": 180, "texture": "#main"},
				"down": {"uv": [3.625, 2, 3.9375, 2.5125], "texture": "#main"}
			}
		},
		{
			"from": [12.9, 14.9, 9],
			"to": [13.5, 15.25, 11],
			"rotation": {"angle": 0, "axis": "y", "origin": [9, 23, 16]},
			"faces": {
				"north": {"uv": [3.625, 2.5, 3.9375, 3.45], "rotation": 90, "texture": "#main"},
				"east": {"uv": [3.625, 2.5, 3.9375, 3.45], "rotation": 90, "texture": "#main"},
				"south": {"uv": [3.625, 2.5, 3.9375, 3.45], "rotation": 90, "texture": "#main"},
				"west": {"uv": [3.625, 2.5, 3.9375, 3.45], "rotation": 90, "texture": "#main"},
				"up": {"uv": [3.625, 2.5, 3.9375, 3.45], "rotation": 180, "texture": "#main"},
				"down": {"uv": [3.625, 2.5, 3.9375, 3.45], "texture": "#main"}
			}
		},
		{
			"from": [13.5, 15, 8],
			"to": [17, 15, 12.5],
			"rotation": {"angle": 22.5, "axis": "z", "origin": [13.25, 15, 9.75]},
			"faces": {
				"north": {"uv": [2, 2, 2.4375, 2], "texture": "#main"},
				"east": {"uv": [2, 2, 2.5625, 2], "texture": "#main"},
				"south": {"uv": [2, 2, 2.4375, 2], "texture": "#main"},
				"west": {"uv": [2, 2, 2.5625, 2], "texture": "#main"},
				"up": {"uv": [2, 2, 3.3125, 3.75], "rotation": 180, "texture": "#main"},
				"down": {"uv": [3.3125, 2, 2, 3.75], "texture": "#main"}
			}
		},
		{
			"from": [9.5, 15, 8],
			"to": [13, 15, 12.5],
			"rotation": {"angle": -22.5, "axis": "z", "origin": [13.25, 15, 9.75]},
			"faces": {
				"north": {"uv": [0, 0, 0, 0], "texture": "#main"},
				"east": {"uv": [0, 0, 0, 0], "texture": "#main"},
				"south": {"uv": [0, 0, 0, 0], "texture": "#main"},
				"west": {"uv": [0, 0, 0, 0], "texture": "#main"},
				"up": {"uv": [3.3125, 2, 2, 3.75], "rotation": 180, "texture": "#main"},
				"down": {"uv": [2, 2, 3.3125, 3.75], "texture": "#main"}
			}
		},
		{
			"from": [10.9, 14.1, 9],
			"to": [11.5, 14.1, 10],
			"rotation": {"angle": -22.5, "axis": "y", "origin": [7, 22, 14]},
			"faces": {
				"north": {"uv": [5.625, 2.5, 5.9375, 3.45], "rotation": 90, "texture": "#main"},
				"east": {"uv": [5.625, 2.5, 5.9375, 3.45], "rotation": 90, "texture": "#main"},
				"south": {"uv": [5.625, 2, 5.9375, 2.5125], "rotation": 90, "texture": "#main"},
				"west": {"uv": [5.625, 2.5, 5.9375, 3.45], "rotation": 90, "texture": "#main"},
				"up": {"uv": [5.625, 2, 5.9375, 2.5125], "rotation": 180, "texture": "#main"},
				"down": {"uv": [5.625, 2, 5.9375, 2.5125], "texture": "#main"}
			}
		},
		{
			"from": [10.9, 13.9, 7],
			"to": [11.5, 14.25, 9],
			"rotation": {"angle": -22.5, "axis": "y", "origin": [7, 22, 14]},
			"faces": {
				"north": {"uv": [5.625, 2.5, 5.9375, 3.45], "rotation": 90, "texture": "#main"},
				"east": {"uv": [5.625, 2.5, 5.9375, 3.45], "rotation": 90, "texture": "#main"},
				"south": {"uv": [5.625, 2.5, 5.9375, 3.45], "rotation": 90, "texture": "#main"},
				"west": {"uv": [5.625, 2.5, 5.9375, 3.45], "rotation": 90, "texture": "#main"},
				"up": {"uv": [5.625, 2.5, 5.9375, 3.45], "rotation": 180, "texture": "#main"},
				"down": {"uv": [5.625, 2.5, 5.9375, 3.45], "texture": "#main"}
			}
		},
		{
			"from": [13.5, 14, 8],
			"to": [17, 14, 12.5],
			"rotation": {"angle": -22.5, "axis": "y", "origin": [13.25, 14, 9.75]},
			"faces": {
				"north": {"uv": [4, 2, 4.4375, 2], "texture": "#main"},
				"east": {"uv": [4, 2, 4.5625, 2], "texture": "#main"},
				"south": {"uv": [4, 2, 4.4375, 2], "texture": "#main"},
				"west": {"uv": [4, 2, 4.5625, 2], "texture": "#main"},
				"up": {"uv": [4, 2, 5.3125, 3.75], "rotation": 180, "texture": "#main"},
				"down": {"uv": [5.3125, 2, 4, 3.75], "texture": "#main"}
			}
		},
		{
			"from": [9.5, 14, 8],
			"to": [13, 14, 12.5],
			"rotation": {"angle": -22.5, "axis": "y", "origin": [13.25, 14, 9.75]},
			"faces": {
				"north": {"uv": [0, 0, 0, 0], "texture": "#main"},
				"east": {"uv": [0, 0, 0, 0], "texture": "#main"},
				"south": {"uv": [0, 0, 0, 0], "texture": "#main"},
				"west": {"uv": [0, 0, 0, 0], "texture": "#main"},
				"up": {"uv": [5.3125, 2, 4, 3.75], "rotation": 180, "texture": "#main"},
				"down": {"uv": [4, 2, 5.3125, 3.75], "texture": "#main"}
			}
		},
		{
			"from": [9.9, 13.1, 6],
			"to": [10.5, 13.1, 7],
			"rotation": {"angle": -45, "axis": "y", "origin": [6, 21, 11]},
			"faces": {
				"north": {"uv": [7.625, 2.5, 7.9375, 3.45], "rotation": 90, "texture": "#main"},
				"east": {"uv": [7.625, 2.5, 7.9375, 3.45], "rotation": 90, "texture": "#main"},
				"south": {"uv": [7.625, 2, 7.9375, 2.5125], "rotation": 90, "texture": "#main"},
				"west": {"uv": [7.625, 2.5, 7.9375, 3.45], "rotation": 90, "texture": "#main"},
				"up": {"uv": [7.625, 2, 7.9375, 2.5125], "rotation": 180, "texture": "#main"},
				"down": {"uv": [7.625, 2, 7.9375, 2.5125], "texture": "#main"}
			}
		},
		{
			"from": [9.9, 12.9, 4],
			"to": [10.5, 13.25, 6],
			"rotation": {"angle": -45, "axis": "y", "origin": [6, 21, 11]},
			"faces": {
				"north": {"uv": [7.625, 2.5, 7.9375, 3.45], "rotation": 90, "texture": "#main"},
				"east": {"uv": [7.625, 2.5, 7.9375, 3.45], "rotation": 90, "texture": "#main"},
				"south": {"uv": [7.625, 2.5, 7.9375, 3.45], "rotation": 90, "texture": "#main"},
				"west": {"uv": [7.625, 2.5, 7.9375, 3.45], "rotation": 90, "texture": "#main"},
				"up": {"uv": [7.625, 2.5, 7.9375, 3.45], "rotation": 180, "texture": "#main"},
				"down": {"uv": [7.625, 2.5, 7.9375, 3.45], "texture": "#main"}
			}
		},
		{
			"from": [13.5, 13, 8],
			"to": [17, 13, 12.5],
			"rotation": {"angle": -45, "axis": "y", "origin": [13.25, 13, 9.75]},
			"faces": {
				"north": {"uv": [6, 2, 6.4375, 2], "texture": "#main"},
				"east": {"uv": [6, 2, 6.5625, 2], "texture": "#main"},
				"south": {"uv": [6, 2, 6.4375, 2], "texture": "#main"},
				"west": {"uv": [6, 2, 6.5625, 2], "texture": "#main"},
				"up": {"uv": [6, 2, 7.3125, 3.75], "rotation": 180, "texture": "#main"},
				"down": {"uv": [7.3125, 2, 6, 3.75], "texture": "#main"}
			}
		},
		{
			"from": [9.5, 13, 8],
			"to": [13, 13, 12.5],
			"rotation": {"angle": -45, "axis": "y", "origin": [13.25, 13, 9.75]},
			"faces": {
				"north": {"uv": [0, 0, 0, 0], "texture": "#main"},
				"east": {"uv": [0, 0, 0, 0], "texture": "#main"},
				"south": {"uv": [0, 0, 0, 0], "texture": "#main"},
				"west": {"uv": [0, 0, 0, 0], "texture": "#main"},
				"up": {"uv": [7.3125, 2, 6, 3.75], "rotation": 180, "texture": "#main"},
				"down": {"uv": [6, 2, 7.3125, 3.75], "texture": "#main"}
			}
		},
		{
			"from": [9, 15.1, 11.9],
			"to": [10, 15.1, 12.5],
			"rotation": {"angle": 22.5, "axis": "y", "origin": [5, 23, 8]},
			"faces": {
				"north": {"uv": [9.625, 2.5, 9.9375, 3.45], "rotation": 90, "texture": "#main"},
				"east": {"uv": [9.625, 2.5, 9.9375, 3.45], "rotation": 90, "texture": "#main"},
				"south": {"uv": [9.625, 2.5, 9.9375, 3.45], "rotation": 90, "texture": "#main"},
				"west": {"uv": [9.625, 2, 9.9375, 2.5125], "rotation": 90, "texture": "#main"},
				"up": {"uv": [9.625, 2, 9.9375, 2.5125], "rotation": 270, "texture": "#main"},
				"down": {"uv": [9.625, 2, 9.9375, 2.5125], "rotation": 270, "texture": "#main"}
			}
		},
		{
			"from": [10, 14.9, 11.9],
			"to": [12, 15.25, 12.5],
			"rotation": {"angle": 22.5, "axis": "y", "origin": [5, 23, 8]},
			"faces": {
				"north": {"uv": [9.625, 2.5, 9.9375, 3.45], "rotation": 90, "texture": "#main"},
				"east": {"uv": [9.625, 2.5, 9.9375, 3.45], "rotation": 90, "texture": "#main"},
				"south": {"uv": [9.625, 2.5, 9.9375, 3.45], "rotation": 90, "texture": "#main"},
				"west": {"uv": [9.625, 2.5, 9.9375, 3.45], "rotation": 90, "texture": "#main"},
				"up": {"uv": [9.625, 2.5, 9.9375, 3.45], "rotation": 270, "texture": "#main"},
				"down": {"uv": [9.625, 2.5, 9.9375, 3.45], "rotation": 270, "texture": "#main"}
			}
		},
		{
			"from": [9.5, 15, 10],
			"to": [14, 15, 13.5],
			"rotation": {"angle": 22.5, "axis": "y", "origin": [12.25, 15, 9.75]},
			"faces": {
				"north": {"uv": [8, 2, 8.5625, 2], "texture": "#main"},
				"east": {"uv": [8, 2, 8.4375, 2], "texture": "#main"},
				"south": {"uv": [8, 2, 8.5625, 2], "texture": "#main"},
				"west": {"uv": [8, 2, 8.4375, 2], "texture": "#main"},
				"up": {"uv": [8, 2, 9.3125, 3.75], "rotation": 270, "texture": "#main"},
				"down": {"uv": [9.3125, 2, 8, 3.75], "rotation": 270, "texture": "#main"}
			}
		},
		{
			"from": [9.5, 15, 6],
			"to": [14, 15, 9.5],
			"rotation": {"angle": 22.5, "axis": "y", "origin": [12.25, 15, 9.75]},
			"faces": {
				"north": {"uv": [0, 0, 0, 0], "texture": "#main"},
				"east": {"uv": [0, 0, 0, 0], "texture": "#main"},
				"south": {"uv": [0, 0, 0, 0], "texture": "#main"},
				"west": {"uv": [0, 0, 0, 0], "texture": "#main"},
				"up": {"uv": [9.3125, 2, 8, 3.75], "rotation": 270, "texture": "#main"},
				"down": {"uv": [8, 2, 9.3125, 3.75], "rotation": 270, "texture": "#main"}
			}
		},
		{
			"from": [10, 15.1, 9.5],
			"to": [11, 15.1, 10.1],
			"rotation": {"angle": 0, "axis": "y", "origin": [6, 23, 6]},
			"faces": {
				"north": {"uv": [11.625, 2.5, 11.9375, 3.45], "rotation": 90, "texture": "#main"},
				"east": {"uv": [11.625, 2.5, 11.9375, 3.45], "rotation": 90, "texture": "#main"},
				"south": {"uv": [11.625, 2.5, 11.9375, 3.45], "rotation": 90, "texture": "#main"},
				"west": {"uv": [11.625, 2, 11.9375, 2.5125], "rotation": 90, "texture": "#main"},
				"up": {"uv": [11.625, 2, 11.9375, 2.5125], "rotation": 270, "texture": "#main"},
				"down": {"uv": [11.625, 2, 11.9375, 2.5125], "rotation": 270, "texture": "#main"}
			}
		},
		{
			"from": [11, 14.9, 9.5],
			"to": [13, 15.25, 10.1],
			"rotation": {"angle": 0, "axis": "y", "origin": [6, 23, 6]},
			"faces": {
				"north": {"uv": [11.625, 2.5, 11.9375, 3.45], "rotation": 90, "texture": "#main"},
				"east": {"uv": [11.625, 2.5, 11.9375, 3.45], "rotation": 90, "texture": "#main"},
				"south": {"uv": [11.625, 2.5, 11.9375, 3.45], "rotation": 90, "texture": "#main"},
				"west": {"uv": [11.625, 2.5, 11.9375, 3.45], "rotation": 90, "texture": "#main"},
				"up": {"uv": [11.625, 2.5, 11.9375, 3.45], "rotation": 270, "texture": "#main"},
				"down": {"uv": [11.625, 2.5, 11.9375, 3.45], "rotation": 270, "texture": "#main"}
			}
		},
		{
			"from": [9.5, 15, 10],
			"to": [14, 15, 13.5],
			"rotation": {"angle": 0, "axis": "y", "origin": [12.25, 15, 9.75]},
			"faces": {
				"north": {"uv": [10, 2, 10.5625, 2], "texture": "#main"},
				"east": {"uv": [10, 2, 10.4375, 2], "texture": "#main"},
				"south": {"uv": [10, 2, 10.5625, 2], "texture": "#main"},
				"west": {"uv": [10, 2, 10.4375, 2], "texture": "#main"},
				"up": {"uv": [10, 2, 11.3125, 3.75], "rotation": 270, "texture": "#main"},
				"down": {"uv": [11.3125, 2, 10, 3.75], "rotation": 270, "texture": "#main"}
			}
		},
		{
			"from": [9.5, 15, 6],
			"to": [14, 15, 9.5],
			"rotation": {"angle": 0, "axis": "y", "origin": [12.25, 15, 9.75]},
			"faces": {
				"north": {"uv": [0, 0, 0, 0], "texture": "#main"},
				"east": {"uv": [0, 0, 0, 0], "texture": "#main"},
				"south": {"uv": [0, 0, 0, 0], "texture": "#main"},
				"west": {"uv": [0, 0, 0, 0], "texture": "#main"},
				"up": {"uv": [11.3125, 2, 10, 3.75], "rotation": 270, "texture": "#main"},
				"down": {"uv": [10, 2, 11.3125, 3.75], "rotation": 270, "texture": "#main"}
			}
		},
		{
			"from": [9, 16.1, 9.5],
			"to": [10, 16.1, 10.1],
			"rotation": {"angle": 0, "axis": "y", "origin": [5, 24, 6]},
			"faces": {
				"north": {"uv": [13.625, 2.5, 13.9375, 3.45], "rotation": 90, "texture": "#main"},
				"east": {"uv": [13.625, 2.5, 13.9375, 3.45], "rotation": 90, "texture": "#main"},
				"south": {"uv": [13.625, 2.5, 13.9375, 3.45], "rotation": 90, "texture": "#main"},
				"west": {"uv": [13.625, 2, 13.9375, 2.5125], "rotation": 90, "texture": "#main"},
				"up": {"uv": [13.625, 2, 13.9375, 2.5125], "rotation": 270, "texture": "#main"},
				"down": {"uv": [13.625, 2, 13.9375, 2.5125], "rotation": 270, "texture": "#main"}
			}
		},
		{
			"from": [10, 15.9, 9.5],
			"to": [12, 16.25, 10.1],
			"rotation": {"angle": 0, "axis": "y", "origin": [5, 24, 6]},
			"faces": {
				"north": {"uv": [13.625, 2.5, 13.9375, 3.45], "rotation": 90, "texture": "#main"},
				"east": {"uv": [13.625, 2.5, 13.9375, 3.45], "rotation": 90, "texture": "#main"},
				"south": {"uv": [13.625, 2.5, 13.9375, 3.45], "rotation": 90, "texture": "#main"},
				"west": {"uv": [13.625, 2.5, 13.9375, 3.45], "rotation": 90, "texture": "#main"},
				"up": {"uv": [13.625, 2.5, 13.9375, 3.45], "rotation": 270, "texture": "#main"},
				"down": {"uv": [13.625, 2.5, 13.9375, 3.45], "rotation": 270, "texture": "#main"}
			}
		},
		{
			"from": [8.5, 16, 10],
			"to": [13, 16, 13.5],
			"rotation": {"angle": -22.5, "axis": "x", "origin": [11.25, 16, 9.75]},
			"faces": {
				"north": {"uv": [12, 2, 12.5625, 2], "texture": "#main"},
				"east": {"uv": [12, 2, 12.4375, 2], "texture": "#main"},
				"south": {"uv": [12, 2, 12.5625, 2], "texture": "#main"},
				"west": {"uv": [12, 2, 12.4375, 2], "texture": "#main"},
				"up": {"uv": [12, 2, 13.3125, 3.75], "rotation": 270, "texture": "#main"},
				"down": {"uv": [13.3125, 2, 12, 3.75], "rotation": 270, "texture": "#main"}
			}
		},
		{
			"from": [8.5, 16, 6],
			"to": [13, 16, 9.5],
			"rotation": {"angle": 22.5, "axis": "x", "origin": [11.25, 16, 9.75]},
			"faces": {
				"north": {"uv": [0, 0, 0, 0], "texture": "#main"},
				"east": {"uv": [0, 0, 0, 0], "texture": "#main"},
				"south": {"uv": [0, 0, 0, 0], "texture": "#main"},
				"west": {"uv": [0, 0, 0, 0], "texture": "#main"},
				"up": {"uv": [13.3125, 2, 12, 3.75], "rotation": 270, "texture": "#main"},
				"down": {"uv": [12, 2, 13.3125, 3.75], "rotation": 270, "texture": "#main"}
			}
		},
		{
			"from": [8, 16.1, 8.5],
			"to": [9, 16.1, 9.1],
			"rotation": {"angle": 0, "axis": "y", "origin": [4, 24, 5]},
			"faces": {
				"north": {"uv": [15.625, 2.5, 15.9375, 3.45], "rotation": 90, "texture": "#main"},
				"east": {"uv": [15.625, 2.5, 15.9375, 3.45], "rotation": 90, "texture": "#main"},
				"south": {"uv": [15.625, 2.5, 15.9375, 3.45], "rotation": 90, "texture": "#main"},
				"west": {"uv": [15.625, 2, 15.9375, 2.5125], "rotation": 90, "texture": "#main"},
				"up": {"uv": [15.625, 2, 15.9375, 2.5125], "rotation": 270, "texture": "#main"},
				"down": {"uv": [15.625, 2, 15.9375, 2.5125], "rotation": 270, "texture": "#main"}
			}
		},
		{
			"from": [9, 15.9, 8.5],
			"to": [11, 16.25, 9.1],
			"rotation": {"angle": 0, "axis": "y", "origin": [4, 24, 5]},
			"faces": {
				"north": {"uv": [15.625, 2.5, 15.9375, 3.45], "rotation": 90, "texture": "#main"},
				"east": {"uv": [15.625, 2.5, 15.9375, 3.45], "rotation": 90, "texture": "#main"},
				"south": {"uv": [15.625, 2.5, 15.9375, 3.45], "rotation": 90, "texture": "#main"},
				"west": {"uv": [15.625, 2.5, 15.9375, 3.45], "rotation": 90, "texture": "#main"},
				"up": {"uv": [15.625, 2.5, 15.9375, 3.45], "rotation": 270, "texture": "#main"},
				"down": {"uv": [15.625, 2.5, 15.9375, 3.45], "rotation": 270, "texture": "#main"}
			}
		},
		{
			"from": [7.5, 16, 9],
			"to": [12, 16, 12.5],
			"rotation": {"angle": -45, "axis": "x", "origin": [10.25, 16, 8.75]},
			"faces": {
				"north": {"uv": [14, 2, 14.5625, 2], "texture": "#main"},
				"east": {"uv": [14, 2, 14.4375, 2], "texture": "#main"},
				"south": {"uv": [14, 2, 14.5625, 2], "texture": "#main"},
				"west": {"uv": [14, 2, 14.4375, 2], "texture": "#main"},
				"up": {"uv": [14, 2, 15.3125, 3.75], "rotation": 270, "texture": "#main"},
				"down": {"uv": [15.3125, 2, 14, 3.75], "rotation": 270, "texture": "#main"}
			}
		},
		{
			"from": [7.5, 16, 5],
			"to": [12, 16, 8.5],
			"rotation": {"angle": 45, "axis": "x", "origin": [10.25, 16, 8.75]},
			"faces": {
				"north": {"uv": [0, 0, 0, 0], "texture": "#main"},
				"east": {"uv": [0, 0, 0, 0], "texture": "#main"},
				"south": {"uv": [0, 0, 0, 0], "texture": "#main"},
				"west": {"uv": [0, 0, 0, 0], "texture": "#main"},
				"up": {"uv": [15.3125, 2, 14, 3.75], "rotation": 270, "texture": "#main"},
				"down": {"uv": [14, 2, 15.3125, 3.75], "rotation": 270, "texture": "#main"}
			}
		},
		{
			"from": [6, 17.1, 8.5],
			"to": [7, 17.1, 9.1],
			"rotation": {"angle": 0, "axis": "y", "origin": [2, 25, 5]},
			"faces": {
				"north": {"uv": [1.625, 4.5, 1.9375, 5.45], "rotation": 90, "texture": "#main"},
				"east": {"uv": [1.625, 4.5, 1.9375, 5.45], "rotation": 90, "texture": "#main"},
				"south": {"uv": [1.625, 4.5, 1.9375, 5.45], "rotation": 90, "texture": "#main"},
				"west": {"uv": [1.625, 4, 1.9375, 4.5125], "rotation": 90, "texture": "#main"},
				"up": {"uv": [1.625, 4, 1.9375, 4.5125], "rotation": 270, "texture": "#main"},
				"down": {"uv": [1.625, 4, 1.9375, 4.5125], "rotation": 270, "texture": "#main"}
			}
		},
		{
			"from": [7, 16.9, 8.5],
			"to": [9, 17.25, 9.1],
			"rotation": {"angle": 0, "axis": "y", "origin": [2, 25, 5]},
			"faces": {
				"north": {"uv": [1.625, 4.5, 1.9375, 5.45], "rotation": 90, "texture": "#main"},
				"east": {"uv": [1.625, 4.5, 1.9375, 5.45], "rotation": 90, "texture": "#main"},
				"south": {"uv": [1.625, 4.5, 1.9375, 5.45], "rotation": 90, "texture": "#main"},
				"west": {"uv": [1.625, 4.5, 1.9375, 5.45], "rotation": 90, "texture": "#main"},
				"up": {"uv": [1.625, 4.5, 1.9375, 5.45], "rotation": 270, "texture": "#main"},
				"down": {"uv": [1.625, 4.5, 1.9375, 5.45], "rotation": 270, "texture": "#main"}
			}
		},
		{
			"from": [5.5, 17.25, 8.75],
			"to": [10, 20.75, 8.75],
			"rotation": {"angle": 22.5, "axis": "x", "origin": [8.25, 17, 8.75]},
			"faces": {
				"north": {"uv": [0, 4, 1.3125, 5.75], "rotation": 90, "texture": "#main"},
				"east": {"uv": [0, 4, 0.4375, 4], "rotation": 90, "texture": "#main"},
				"south": {"uv": [1.3125, 4, 0, 5.75], "rotation": 270, "texture": "#main"},
				"west": {"uv": [0, 4, 0.4375, 4], "rotation": 270, "texture": "#main"},
				"up": {"uv": [0, 4, 0.5625, 4], "texture": "#main"},
				"down": {"uv": [0, 4, 0.5625, 4], "rotation": 180, "texture": "#main"}
			}
		},
		{
			"from": [5.5, 17.25, 8.75],
			"to": [10, 20.75, 8.75],
			"rotation": {"angle": -22.5, "axis": "x", "origin": [8.25, 17, 8.75]},
			"faces": {
				"north": {"uv": [0, 4, 1.3125, 5.75], "rotation": 90, "texture": "#main"},
				"east": {"uv": [0, 0, 0, 0], "texture": "#main"},
				"south": {"uv": [1.3125, 4, 0, 5.75], "rotation": 270, "texture": "#main"},
				"west": {"uv": [0, 0, 0, 0], "texture": "#main"},
				"up": {"uv": [0, 0, 0, 0], "texture": "#main"},
				"down": {"uv": [0, 0, 0, 0], "texture": "#main"}
			}
		},
		{
			"from": [8, 17.1, 6.5],
			"to": [9, 17.1, 7.1],
			"rotation": {"angle": -22.5, "axis": "y", "origin": [4, 25, 3]},
			"faces": {
				"north": {"uv": [3.625, 4.5, 3.9375, 5.45], "rotation": 90, "texture": "#main"},
				"east": {"uv": [3.625, 4.5, 3.9375, 5.45], "rotation": 90, "texture": "#main"},
				"south": {"uv": [3.625, 4.5, 3.9375, 5.45], "rotation": 90, "texture": "#main"},
				"west": {"uv": [3.625, 4, 3.9375, 4.5125], "rotation": 90, "texture": "#main"},
				"up": {"uv": [3.625, 4, 3.9375, 4.5125], "rotation": 270, "texture": "#main"},
				"down": {"uv": [3.625, 4, 3.9375, 4.5125], "rotation": 270, "texture": "#main"}
			}
		},
		{
			"from": [9, 16.9, 6.5],
			"to": [11, 17.25, 7.1],
			"rotation": {"angle": -22.5, "axis": "y", "origin": [4, 25, 3]},
			"faces": {
				"north": {"uv": [3.625, 4.5, 3.9375, 5.45], "rotation": 90, "texture": "#main"},
				"east": {"uv": [3.625, 4.5, 3.9375, 5.45], "rotation": 90, "texture": "#main"},
				"south": {"uv": [3.625, 4.5, 3.9375, 5.45], "rotation": 90, "texture": "#main"},
				"west": {"uv": [3.625, 4.5, 3.9375, 5.45], "rotation": 90, "texture": "#main"},
				"up": {"uv": [3.625, 4.5, 3.9375, 5.45], "rotation": 270, "texture": "#main"},
				"down": {"uv": [3.625, 4.5, 3.9375, 5.45], "rotation": 270, "texture": "#main"}
			}
		},
		{
			"from": [5.5, 17.25, 8.75],
			"to": [10, 20.75, 8.75],
			"rotation": {"angle": -22.5, "axis": "y", "origin": [8.25, 17, 8.75]},
			"faces": {
				"north": {"uv": [2, 4, 3.3125, 5.75], "rotation": 90, "texture": "#main"},
				"east": {"uv": [2, 4, 2.4375, 4], "rotation": 90, "texture": "#main"},
				"south": {"uv": [3.3125, 4, 2, 5.75], "rotation": 270, "texture": "#main"},
				"west": {"uv": [2, 4, 2.4375, 4], "rotation": 270, "texture": "#main"},
				"up": {"uv": [2, 4, 2.5625, 4], "texture": "#main"},
				"down": {"uv": [2, 4, 2.5625, 4], "rotation": 180, "texture": "#main"}
			}
		},
		{
			"from": [5.5, 17.25, 8.75],
			"to": [10, 20.75, 8.75],
			"rotation": {"angle": -22.5, "axis": "y", "origin": [8.25, 17, 8.75]},
			"faces": {
				"north": {"uv": [2, 4, 3.3125, 5.75], "rotation": 90, "texture": "#main"},
				"east": {"uv": [0, 0, 0, 0], "texture": "#main"},
				"south": {"uv": [3.3125, 4, 2, 5.75], "rotation": 270, "texture": "#main"},
				"west": {"uv": [0, 0, 0, 0], "texture": "#main"},
				"up": {"uv": [0, 0, 0, 0], "texture": "#main"},
				"down": {"uv": [0, 0, 0, 0], "texture": "#main"}
			}
		},
		{
			"from": [9, 17.1, 5.5],
			"to": [10, 17.1, 6.1],
			"rotation": {"angle": -45, "axis": "y", "origin": [5, 25, 2]},
			"faces": {
				"north": {"uv": [5.625, 4.5, 5.9375, 5.45], "rotation": 90, "texture": "#main"},
				"east": {"uv": [5.625, 4.5, 5.9375, 5.45], "rotation": 90, "texture": "#main"},
				"south": {"uv": [5.625, 4.5, 5.9375, 5.45], "rotation": 90, "texture": "#main"},
				"west": {"uv": [5.625, 4, 5.9375, 4.5125], "rotation": 90, "texture": "#main"},
				"up": {"uv": [5.625, 4, 5.9375, 4.5125], "rotation": 270, "texture": "#main"},
				"down": {"uv": [5.625, 4, 5.9375, 4.5125], "rotation": 270, "texture": "#main"}
			}
		},
		{
			"from": [10, 16.9, 5.5],
			"to": [12, 17.25, 6.1],
			"rotation": {"angle": -45, "axis": "y", "origin": [5, 25, 2]},
			"faces": {
				"north": {"uv": [5.625, 4.5, 5.9375, 5.45], "rotation": 90, "texture": "#main"},
				"east": {"uv": [5.625, 4.5, 5.9375, 5.45], "rotation": 90, "texture": "#main"},
				"south": {"uv": [5.625, 4.5, 5.9375, 5.45], "rotation": 90, "texture": "#main"},
				"west": {"uv": [5.625, 4.5, 5.9375, 5.45], "rotation": 90, "texture": "#main"},
				"up": {"uv": [5.625, 4.5, 5.9375, 5.45], "rotation": 270, "texture": "#main"},
				"down": {"uv": [5.625, 4.5, 5.9375, 5.45], "rotation": 270, "texture": "#main"}
			}
		},
		{
			"from": [3.5, 17.25, 8.75],
			"to": [8, 20.75, 8.75],
			"rotation": {"angle": -45, "axis": "y", "origin": [6.25, 17, 8.75]},
			"faces": {
				"north": {"uv": [4, 4, 5.3125, 5.75], "rotation": 90, "texture": "#main"},
				"east": {"uv": [4, 4, 4.4375, 4], "rotation": 90, "texture": "#main"},
				"south": {"uv": [5.3125, 4, 4, 5.75], "rotation": 270, "texture": "#main"},
				"west": {"uv": [4, 4, 4.4375, 4], "rotation": 270, "texture": "#main"},
				"up": {"uv": [4, 4, 4.5625, 4], "texture": "#main"},
				"down": {"uv": [4, 4, 4.5625, 4], "rotation": 180, "texture": "#main"}
			}
		},
		{
			"from": [3.5, 17.25, 8.75],
			"to": [8, 20.75, 8.75],
			"rotation": {"angle": -45, "axis": "y", "origin": [6.25, 17, 8.75]},
			"faces": {
				"north": {"uv": [4, 4, 5.3125, 5.75], "rotation": 90, "texture": "#main"},
				"east": {"uv": [0, 0, 0, 0], "texture": "#main"},
				"south": {"uv": [5.3125, 4, 4, 5.75], "rotation": 270, "texture": "#main"},
				"west": {"uv": [0, 0, 0, 0], "texture": "#main"},
				"up": {"uv": [0, 0, 0, 0], "texture": "#main"},
				"down": {"uv": [0, 0, 0, 0], "texture": "#main"}
			}
		},
		{
			"from": [7, 17.1, 6.5],
			"to": [8, 17.1, 7.1],
			"rotation": {"angle": -45, "axis": "y", "origin": [3, 25, 3]},
			"faces": {
				"north": {"uv": [7.625, 4.5, 7.9375, 5.45], "rotation": 90, "texture": "#main"},
				"east": {"uv": [7.625, 4.5, 7.9375, 5.45], "rotation": 90, "texture": "#main"},
				"south": {"uv": [7.625, 4.5, 7.9375, 5.45], "rotation": 90, "texture": "#main"},
				"west": {"uv": [7.625, 4, 7.9375, 4.5125], "rotation": 90, "texture": "#main"},
				"up": {"uv": [7.625, 4, 7.9375, 4.5125], "rotation": 270, "texture": "#main"},
				"down": {"uv": [7.625, 4, 7.9375, 4.5125], "rotation": 270, "texture": "#main"}
			}
		},
		{
			"from": [8, 16.9, 6.5],
			"to": [10, 17.25, 7.1],
			"rotation": {"angle": -45, "axis": "y", "origin": [3, 25, 3]},
			"faces": {
				"north": {"uv": [7.625, 4.5, 7.9375, 5.45], "rotation": 90, "texture": "#main"},
				"east": {"uv": [7.625, 4.5, 7.9375, 5.45], "rotation": 90, "texture": "#main"},
				"south": {"uv": [7.625, 4.5, 7.9375, 5.45], "rotation": 90, "texture": "#main"},
				"west": {"uv": [7.625, 4.5, 7.9375, 5.45], "rotation": 90, "texture": "#main"},
				"up": {"uv": [7.625, 4.5, 7.9375, 5.45], "rotation": 270, "texture": "#main"},
				"down": {"uv": [7.625, 4.5, 7.9375, 5.45], "rotation": 270, "texture": "#main"}
			}
		},
		{
			"from": [4.25, 17.25, 7],
			"to": [4.25, 20.75, 11.5],
			"rotation": {"angle": 45, "axis": "y", "origin": [4.25, 17, 9.75]},
			"faces": {
				"north": {"uv": [6, 4, 6.4375, 4], "rotation": 270, "texture": "#main"},
				"east": {"uv": [6, 4, 7.3125, 5.75], "rotation": 90, "texture": "#main"},
				"south": {"uv": [6, 4, 6.4375, 4], "rotation": 90, "texture": "#main"},
				"west": {"uv": [7.3125, 4, 6, 5.75], "rotation": 270, "texture": "#main"},
				"up": {"uv": [6, 4, 6.5625, 4], "rotation": 90, "texture": "#main"},
				"down": {"uv": [6, 4, 6.5625, 4], "rotation": 90, "texture": "#main"}
			}
		},
		{
			"from": [4.25, 17.25, 7],
			"to": [4.25, 20.75, 11.5],
			"rotation": {"angle": 45, "axis": "y", "origin": [4.25, 17, 9.75]},
			"faces": {
				"north": {"uv": [0, 0, 0, 0], "texture": "#main"},
				"east": {"uv": [6, 4, 7.3125, 5.75], "rotation": 90, "texture": "#main"},
				"south": {"uv": [0, 0, 0, 0], "texture": "#main"},
				"west": {"uv": [7.3125, 4, 6, 5.75], "rotation": 270, "texture": "#main"},
				"up": {"uv": [0, 0, 0, 0], "texture": "#main"},
				"down": {"uv": [0, 0, 0, 0], "texture": "#main"}
			}
		},
		{
			"from": [2.9, 17.1, 8],
			"to": [3.5, 17.1, 9],
			"rotation": {"angle": 0, "axis": "y", "origin": [7, 25, 4]},
			"faces": {
				"north": {"uv": [9.625, 4, 9.9375, 4.5125], "rotation": 90, "texture": "#main"},
				"east": {"uv": [9.625, 4.5, 9.9375, 5.45], "rotation": 90, "texture": "#main"},
				"south": {"uv": [9.625, 4.5, 9.9375, 5.45], "rotation": 90, "texture": "#main"},
				"west": {"uv": [9.625, 4.5, 9.9375, 5.45], "rotation": 90, "texture": "#main"},
				"up": {"uv": [9.625, 4, 9.9375, 4.5125], "texture": "#main"},
				"down": {"uv": [9.625, 4, 9.9375, 4.5125], "rotation": 180, "texture": "#main"}
			}
		},
		{
			"from": [2.9, 16.9, 9],
			"to": [3.5, 17.25, 11],
			"rotation": {"angle": 0, "axis": "y", "origin": [7, 25, 4]},
			"faces": {
				"north": {"uv": [9.625, 4.5, 9.9375, 5.45], "rotation": 90, "texture": "#main"},
				"east": {"uv": [9.625, 4.5, 9.9375, 5.45], "rotation": 90, "texture": "#main"},
				"south": {"uv": [9.625, 4.5, 9.9375, 5.45], "rotation": 90, "texture": "#main"},
				"west": {"uv": [9.625, 4.5, 9.9375, 5.45], "rotation": 90, "texture": "#main"},
				"up": {"uv": [9.625, 4.5, 9.9375, 5.45], "texture": "#main"},
				"down": {"uv": [9.625, 4.5, 9.9375, 5.45], "rotation": 180, "texture": "#main"}
			}
		},
		{
			"from": [3.25, 17.25, 7],
			"to": [3.25, 20.75, 11.5],
			"rotation": {"angle": 0, "axis": "y", "origin": [3.25, 17, 9.75]},
			"faces": {
				"north": {"uv": [8, 4, 8.4375, 4], "rotation": 270, "texture": "#main"},
				"east": {"uv": [8, 4, 9.3125, 5.75], "rotation": 90, "texture": "#main"},
				"south": {"uv": [8, 4, 8.4375, 4], "rotation": 90, "texture": "#main"},
				"west": {"uv": [9.3125, 4, 8, 5.75], "rotation": 270, "texture": "#main"},
				"up": {"uv": [8, 4, 8.5625, 4], "rotation": 90, "texture": "#main"},
				"down": {"uv": [8, 4, 8.5625, 4], "rotation": 90, "texture": "#main"}
			}
		},
		{
			"from": [3.25, 17.25, 7],
			"to": [3.25, 20.75, 11.5],
			"rotation": {"angle": 0, "axis": "y", "origin": [3.25, 17, 9.75]},
			"faces": {
				"north": {"uv": [0, 0, 0, 0], "texture": "#main"},
				"east": {"uv": [8, 4, 9.3125, 5.75], "rotation": 90, "texture": "#main"},
				"south": {"uv": [0, 0, 0, 0], "texture": "#main"},
				"west": {"uv": [9.3125, 4, 8, 5.75], "rotation": 270, "texture": "#main"},
				"up": {"uv": [0, 0, 0, 0], "texture": "#main"},
				"down": {"uv": [0, 0, 0, 0], "texture": "#main"}
			}
		},
		{
			"from": [2.9, 16.1, 7],
			"to": [3.5, 16.1, 8],
			"rotation": {"angle": 0, "axis": "y", "origin": [7, 24, 3]},
			"faces": {
				"north": {"uv": [11.625, 4, 11.9375, 4.5125], "rotation": 90, "texture": "#main"},
				"east": {"uv": [11.625, 4.5, 11.9375, 5.45], "rotation": 90, "texture": "#main"},
				"south": {"uv": [11.625, 4.5, 11.9375, 5.45], "rotation": 90, "texture": "#main"},
				"west": {"uv": [11.625, 4.5, 11.9375, 5.45], "rotation": 90, "texture": "#main"},
				"up": {"uv": [11.625, 4, 11.9375, 4.5125], "texture": "#main"},
				"down": {"uv": [11.625, 4, 11.9375, 4.5125], "rotation": 180, "texture": "#main"}
			}
		},
		{
			"from": [2.9, 15.9, 8],
			"to": [3.5, 16.25, 10],
			"rotation": {"angle": 0, "axis": "y", "origin": [7, 24, 3]},
			"faces": {
				"north": {"uv": [11.625, 4.5, 11.9375, 5.45], "rotation": 90, "texture": "#main"},
				"east": {"uv": [11.625, 4.5, 11.9375, 5.45], "rotation": 90, "texture": "#main"},
				"south": {"uv": [11.625, 4.5, 11.9375, 5.45], "rotation": 90, "texture": "#main"},
				"west": {"uv": [11.625, 4.5, 11.9375, 5.45], "rotation": 90, "texture": "#main"},
				"up": {"uv": [11.625, 4.5, 11.9375, 5.45], "texture": "#main"},
				"down": {"uv": [11.625, 4.5, 11.9375, 5.45], "rotation": 180, "texture": "#main"}
			}
		},
		{
			"from": [3.25, 16.25, 6],
			"to": [3.25, 19.75, 10.5],
			"rotation": {"angle": -22.5, "axis": "z", "origin": [3.25, 16, 8.75]},
			"faces": {
				"north": {"uv": [10, 4, 10.4375, 4], "rotation": 270, "texture": "#main"},
				"east": {"uv": [10, 4, 11.3125, 5.75], "rotation": 90, "texture": "#main"},
				"south": {"uv": [10, 4, 10.4375, 4], "rotation": 90, "texture": "#main"},
				"west": {"uv": [11.3125, 4, 10, 5.75], "rotation": 270, "texture": "#main"},
				"up": {"uv": [10, 4, 10.5625, 4], "rotation": 90, "texture": "#main"},
				"down": {"uv": [10, 4, 10.5625, 4], "rotation": 90, "texture": "#main"}
			}
		},
		{
			"from": [3.25, 16.25, 6],
			"to": [3.25, 19.75, 10.5],
			"rotation": {"angle": 22.5, "axis": "z", "origin": [3.25, 16, 8.75]},
			"faces": {
				"north": {"uv": [0, 0, 0, 0], "texture": "#main"},
				"east": {"uv": [10, 4, 11.3125, 5.75], "rotation": 90, "texture": "#main"},
				"south": {"uv": [0, 0, 0, 0], "texture": "#main"},
				"west": {"uv": [11.3125, 4, 10, 5.75], "rotation": 270, "texture": "#main"},
				"up": {"uv": [0, 0, 0, 0], "texture": "#main"},
				"down": {"uv": [0, 0, 0, 0], "texture": "#main"}
			}
		},
		{
			"from": [2.9, 16.1, 6],
			"to": [3.5, 16.1, 7],
			"rotation": {"angle": 0, "axis": "y", "origin": [7, 24, 2]},
			"faces": {
				"north": {"uv": [13.625, 4, 13.9375, 4.5125], "rotation": 90, "texture": "#main"},
				"east": {"uv": [13.625, 4.5, 13.9375, 5.45], "rotation": 90, "texture": "#main"},
				"south": {"uv": [13.625, 4.5, 13.9375, 5.45], "rotation": 90, "texture": "#main"},
				"west": {"uv": [13.625, 4.5, 13.9375, 5.45], "rotation": 90, "texture": "#main"},
				"up": {"uv": [13.625, 4, 13.9375, 4.5125], "texture": "#main"},
				"down": {"uv": [13.625, 4, 13.9375, 4.5125], "rotation": 180, "texture": "#main"}
			}
		},
		{
			"from": [2.9, 15.9, 7],
			"to": [3.5, 16.25, 9],
			"rotation": {"angle": 0, "axis": "y", "origin": [7, 24, 2]},
			"faces": {
				"north": {"uv": [13.625, 4.5, 13.9375, 5.45], "rotation": 90, "texture": "#main"},
				"east": {"uv": [13.625, 4.5, 13.9375, 5.45], "rotation": 90, "texture": "#main"},
				"south": {"uv": [13.625, 4.5, 13.9375, 5.45], "rotation": 90, "texture": "#main"},
				"west": {"uv": [13.625, 4.5, 13.9375, 5.45], "rotation": 90, "texture": "#main"},
				"up": {"uv": [13.625, 4.5, 13.9375, 5.45], "texture": "#main"},
				"down": {"uv": [13.625, 4.5, 13.9375, 5.45], "rotation": 180, "texture": "#main"}
			}
		},
		{
			"from": [3.25, 16.25, 5],
			"to": [3.25, 19.75, 9.5],
			"rotation": {"angle": -45, "axis": "z", "origin": [3.25, 16, 7.75]},
			"faces": {
				"north": {"uv": [12, 4, 12.4375, 4], "rotation": 270, "texture": "#main"},
				"east": {"uv": [12, 4, 13.3125, 5.75], "rotation": 90, "texture": "#main"},
				"south": {"uv": [12, 4, 12.4375, 4], "rotation": 90, "texture": "#main"},
				"west": {"uv": [13.3125, 4, 12, 5.75], "rotation": 270, "texture": "#main"},
				"up": {"uv": [12, 4, 12.5625, 4], "rotation": 90, "texture": "#main"},
				"down": {"uv": [12, 4, 12.5625, 4], "rotation": 90, "texture": "#main"}
			}
		},
		{
			"from": [3.25, 16.25, 5],
			"to": [3.25, 19.75, 9.5],
			"rotation": {"angle": 45, "axis": "z", "origin": [3.25, 16, 7.75]},
			"faces": {
				"north": {"uv": [0, 0, 0, 0], "texture": "#main"},
				"east": {"uv": [12, 4, 13.3125, 5.75], "rotation": 90, "texture": "#main"},
				"south": {"uv": [0, 0, 0, 0], "texture": "#main"},
				"west": {"uv": [13.3125, 4, 12, 5.75], "rotation": 270, "texture": "#main"},
				"up": {"uv": [0, 0, 0, 0], "texture": "#main"},
				"down": {"uv": [0, 0, 0, 0], "texture": "#main"}
			}
		},
		{
			"from": [4.9, 16.1, 8],
			"to": [5.5, 16.1, 9],
			"rotation": {"angle": -22.5, "axis": "y", "origin": [9, 24, 4]},
			"faces": {
				"north": {"uv": [15.625, 4, 15.9375, 4.5125], "rotation": 90, "texture": "#main"},
				"east": {"uv": [15.625, 4.5, 15.9375, 5.45], "rotation": 90, "texture": "#main"},
				"south": {"uv": [15.625, 4.5, 15.9375, 5.45], "rotation": 90, "texture": "#main"},
				"west": {"uv": [15.625, 4.5, 15.9375, 5.45], "rotation": 90, "texture": "#main"},
				"up": {"uv": [15.625, 4, 15.9375, 4.5125], "texture": "#main"},
				"down": {"uv": [15.625, 4, 15.9375, 4.5125], "rotation": 180, "texture": "#main"}
			}
		},
		{
			"from": [4.9, 15.9, 9],
			"to": [5.5, 16.25, 11],
			"rotation": {"angle": -22.5, "axis": "y", "origin": [9, 24, 4]},
			"faces": {
				"north": {"uv": [15.625, 4.5, 15.9375, 5.45], "rotation": 90, "texture": "#main"},
				"east": {"uv": [15.625, 4.5, 15.9375, 5.45], "rotation": 90, "texture": "#main"},
				"south": {"uv": [15.625, 4.5, 15.9375, 5.45], "rotation": 90, "texture": "#main"},
				"west": {"uv": [15.625, 4.5, 15.9375, 5.45], "rotation": 90, "texture": "#main"},
				"up": {"uv": [15.625, 4.5, 15.9375, 5.45], "texture": "#main"},
				"down": {"uv": [15.625, 4.5, 15.9375, 5.45], "rotation": 180, "texture": "#main"}
			}
		},
		{
			"from": [3.5, 16, 5],
			"to": [7, 16, 9.5],
			"rotation": {"angle": -22.5, "axis": "y", "origin": [3.25, 16, 7.75]},
			"faces": {
				"north": {"uv": [14, 4, 14.4375, 4], "rotation": 180, "texture": "#main"},
				"east": {"uv": [14, 4, 14.5625, 4], "rotation": 180, "texture": "#main"},
				"south": {"uv": [14, 4, 14.4375, 4], "rotation": 180, "texture": "#main"},
				"west": {"uv": [14, 4, 14.5625, 4], "rotation": 180, "texture": "#main"},
				"up": {"uv": [15.3125, 4, 14, 5.75], "texture": "#main"},
				"down": {"uv": [14, 4, 15.3125, 5.75], "rotation": 180, "texture": "#main"}
			}
		},
		{
			"from": [-0.5, 16, 5],
			"to": [3, 16, 9.5],
			"rotation": {"angle": -22.5, "axis": "y", "origin": [3.25, 16, 7.75]},
			"faces": {
				"north": {"uv": [0, 0, 0, 0], "texture": "#main"},
				"east": {"uv": [0, 0, 0, 0], "texture": "#main"},
				"south": {"uv": [0, 0, 0, 0], "texture": "#main"},
				"west": {"uv": [0, 0, 0, 0], "texture": "#main"},
				"up": {"uv": [14, 4, 15.3125, 5.75], "texture": "#main"},
				"down": {"uv": [15.3125, 4, 14, 5.75], "rotation": 180, "texture": "#main"}
			}
		},
		{
			"from": [7, 16.1, 6.6],
			"to": [8, 16.1, 7.2],
			"rotation": {"angle": 45, "axis": "y", "origin": [5.25, 16, 9.75]},
			"faces": {
				"north": {"uv": [1.625, 6.5, 1.9375, 7.45], "rotation": 90, "texture": "#main"},
				"east": {"uv": [1.625, 6, 1.9375, 6.5125], "rotation": 90, "texture": "#main"},
				"south": {"uv": [1.625, 6.5, 1.9375, 7.45], "rotation": 90, "texture": "#main"},
				"west": {"uv": [1.625, 6.5, 1.9375, 7.45], "rotation": 90, "texture": "#main"},
				"up": {"uv": [1.625, 6, 1.9375, 6.5125], "rotation": 90, "texture": "#main"},
				"down": {"uv": [1.625, 6, 1.9375, 6.5125], "rotation": 90, "texture": "#main"}
			}
		},
		{
			"from": [5, 15.9, 6.75],
			"to": [7, 16.25, 7.35],
			"rotation": {"angle": 45, "axis": "y", "origin": [5.25, 16, 9.75]},
			"faces": {
				"north": {"uv": [1.625, 6.5, 1.9375, 7.45], "rotation": 90, "texture": "#main"},
				"east": {"uv": [1.625, 6.5, 1.9375, 7.45], "rotation": 90, "texture": "#main"},
				"south": {"uv": [1.625, 6.5, 1.9375, 7.45], "rotation": 90, "texture": "#main"},
				"west": {"uv": [1.625, 6.5, 1.9375, 7.45], "rotation": 90, "texture": "#main"},
				"up": {"uv": [1.625, 6.5, 1.9375, 7.45], "rotation": 90, "texture": "#main"},
				"down": {"uv": [1.625, 6.5, 1.9375, 7.45], "rotation": 90, "texture": "#main"}
			}
		},
		{
			"from": [2.5, 16, 7],
			"to": [7, 16, 10.5],
			"rotation": {"angle": 45, "axis": "y", "origin": [4.25, 16, 6.75]},
			"faces": {
				"north": {"uv": [0, 6, 0.5625, 6], "rotation": 180, "texture": "#main"},
				"east": {"uv": [0, 6, 0.4375, 6], "rotation": 180, "texture": "#main"},
				"south": {"uv": [0, 6, 0.5625, 6], "rotation": 180, "texture": "#main"},
				"west": {"uv": [0, 6, 0.4375, 6], "rotation": 180, "texture": "#main"},
				"up": {"uv": [1.3125, 6, 0, 7.75], "rotation": 90, "texture": "#main"},
				"down": {"uv": [0, 6, 1.3125, 7.75], "rotation": 90, "texture": "#main"}
			}
		},
		{
			"from": [2.5, 16, 3],
			"to": [7, 16, 6.5],
			"rotation": {"angle": 45, "axis": "y", "origin": [4.25, 16, 6.75]},
			"faces": {
				"north": {"uv": [0, 0, 0, 0], "texture": "#main"},
				"east": {"uv": [0, 0, 0, 0], "texture": "#main"},
				"south": {"uv": [0, 0, 0, 0], "texture": "#main"},
				"west": {"uv": [0, 0, 0, 0], "texture": "#main"},
				"up": {"uv": [0, 6, 1.3125, 7.75], "rotation": 90, "texture": "#main"},
				"down": {"uv": [1.3125, 6, 0, 7.75], "rotation": 90, "texture": "#main"}
			}
		},
		{
			"from": [6, 16.1, 5.6],
			"to": [7, 16.1, 6.2],
			"rotation": {"angle": 22.5, "axis": "y", "origin": [4.25, 16, 8.75]},
			"faces": {
				"north": {"uv": [3.625, 6.5, 3.9375, 7.45], "rotation": 90, "texture": "#main"},
				"east": {"uv": [3.625, 6, 3.9375, 6.5125], "rotation": 90, "texture": "#main"},
				"south": {"uv": [3.625, 6.5, 3.9375, 7.45], "rotation": 90, "texture": "#main"},
				"west": {"uv": [3.625, 6.5, 3.9375, 7.45], "rotation": 90, "texture": "#main"},
				"up": {"uv": [3.625, 6, 3.9375, 6.5125], "rotation": 90, "texture": "#main"},
				"down": {"uv": [3.625, 6, 3.9375, 6.5125], "rotation": 90, "texture": "#main"}
			}
		},
		{
			"from": [4, 15.9, 5.75],
			"to": [6, 16.25, 6.35],
			"rotation": {"angle": 22.5, "axis": "y", "origin": [4.25, 16, 8.75]},
			"faces": {
				"north": {"uv": [3.625, 6.5, 3.9375, 7.45], "rotation": 90, "texture": "#main"},
				"east": {"uv": [3.625, 6.5, 3.9375, 7.45], "rotation": 90, "texture": "#main"},
				"south": {"uv": [3.625, 6.5, 3.9375, 7.45], "rotation": 90, "texture": "#main"},
				"west": {"uv": [3.625, 6.5, 3.9375, 7.45], "rotation": 90, "texture": "#main"},
				"up": {"uv": [3.625, 6.5, 3.9375, 7.45], "rotation": 90, "texture": "#main"},
				"down": {"uv": [3.625, 6.5, 3.9375, 7.45], "rotation": 90, "texture": "#main"}
			}
		},
		{
			"from": [2.5, 16, 6],
			"to": [7, 16, 9.5],
			"rotation": {"angle": 22.5, "axis": "y", "origin": [4.25, 16, 5.75]},
			"faces": {
				"north": {"uv": [2, 6, 2.5625, 6], "rotation": 180, "texture": "#main"},
				"east": {"uv": [2, 6, 2.4375, 6], "rotation": 180, "texture": "#main"},
				"south": {"uv": [2, 6, 2.5625, 6], "rotation": 180, "texture": "#main"},
				"west": {"uv": [2, 6, 2.4375, 6], "rotation": 180, "texture": "#main"},
				"up": {"uv": [3.3125, 6, 2, 7.75], "rotation": 90, "texture": "#main"},
				"down": {"uv": [2, 6, 3.3125, 7.75], "rotation": 90, "texture": "#main"}
			}
		},
		{
			"from": [2.5, 16, 2],
			"to": [7, 16, 5.5],
			"rotation": {"angle": 22.5, "axis": "y", "origin": [4.25, 16, 5.75]},
			"faces": {
				"north": {"uv": [0, 0, 0, 0], "texture": "#main"},
				"east": {"uv": [0, 0, 0, 0], "texture": "#main"},
				"south": {"uv": [0, 0, 0, 0], "texture": "#main"},
				"west": {"uv": [0, 0, 0, 0], "texture": "#main"},
				"up": {"uv": [2, 6, 3.3125, 7.75], "rotation": 90, "texture": "#main"},
				"down": {"uv": [3.3125, 6, 2, 7.75], "rotation": 90, "texture": "#main"}
			}
		},
		{
			"from": [0, 0, 0],
			"to": [16, 6, 16],
			"faces": {
				"north": {"uv": [0, 0, 16, 6], "texture": "#9"},
				"east": {"uv": [0, 0, 16, 6], "texture": "#9"},
				"south": {"uv": [0, 0, 16, 6], "texture": "#9"},
				"west": {"uv": [0, 0, 16, 6], "texture": "#9"},
				"up": {"uv": [0, 0, 16, 16], "texture": "#9"},
				"down": {"uv": [0, 0, 16, 16], "texture": "#6"}
			}
		},
		{
			"from": [0, 6, 0],
			"to": [16, 7, 16],
			"rotation": {"angle": 0, "axis": "y", "origin": [0, -1, 0]},
			"faces": {
				"north": {"uv": [0, 0, 16, 1], "texture": "#6"},
				"east": {"uv": [0, 0, 16, 1], "texture": "#6"},
				"south": {"uv": [0, 0, 16, 1], "texture": "#6"},
				"west": {"uv": [0, 0, 16, 1], "texture": "#6"},
				"up": {"uv": [0, 0, 16, 16], "texture": "#6"},
				"down": {"uv": [0, 0, 16, 16], "texture": "#6"}
			}
		},
		{
			"name": "top_slab",
			"from": [1, 3, 1],
			"to": [15, 10, 15],
			"faces": {
				"north": {"uv": [1, 1, 15, 8], "texture": "#8"},
				"east": {"uv": [1, 1, 15, 8], "texture": "#8"},
				"south": {"uv": [1, 1, 15, 8], "texture": "#8"},
				"west": {"uv": [1, 1, 15, 8], "texture": "#8"},
				"up": {"uv": [1, 1, 15, 15], "texture": "#10"}
			}
		},
		{
			"name": "up",
			"from": [1, 9.98, 1],
			"to": [15, 9.98, 15],
			"faces": {
				"down": {"uv": [1, 1, 15, 15], "texture": "#10"}
			}
		},
		{
			"name": "south",
			"from": [1, 3, 14.98],
			"to": [15, 10, 14.98],
			"faces": {
				"north": {"uv": [1, 1, 15, 8], "texture": "#8"}
			}
		},
		{
			"name": "north",
			"from": [1, 3, 1.02],
			"to": [15, 10, 1.02],
			"faces": {
				"south": {"uv": [1, 1, 15, 8], "texture": "#8"}
			}
		},
		{
			"name": "east",
			"from": [14.98, 3, 1],
			"to": [14.98, 10, 15],
			"faces": {
				"west": {"uv": [1, 1, 15, 8], "texture": "#8"}
			}
		},
		{
			"name": "west",
			"from": [1.02, 3, 1],
			"to": [1.02, 10, 15],
			"faces": {
				"east": {"uv": [1, 1, 15, 8], "texture": "#8"}
			}
		},
		{
			"from": [4, 6, 7],
			"to": [7, 13, 10],
			"rotation": {"angle": 0, "axis": "y", "origin": [4, -7, 7]},
			"faces": {
				"north": {"uv": [3, 6, 6, 13], "texture": "#0"},
				"east": {"uv": [3, 6, 6, 13], "texture": "#0"},
				"south": {"uv": [3, 6, 6, 13], "texture": "#0"},
				"west": {"uv": [3, 6, 6, 13], "texture": "#0"},
				"up": {"uv": [3, 6, 6, 9], "texture": "#0"},
				"down": {"uv": [12, 0, 15, 3], "texture": "#0"}
			}
		},
		{
			"from": [6, 6, 9],
			"to": [9, 12, 12],
			"rotation": {"angle": 0, "axis": "y", "origin": [6, -6, 9]},
			"faces": {
				"north": {"uv": [0, 8, 3, 14], "texture": "#0"},
				"east": {"uv": [0, 8, 3, 14], "texture": "#0"},
				"south": {"uv": [0, 8, 3, 14], "texture": "#0"},
				"west": {"uv": [0, 8, 3, 14], "texture": "#0"},
				"up": {"uv": [0, 8, 3, 11], "texture": "#0"},
				"down": {"uv": [0, 8, 3, 11], "texture": "#0"}
			}
		},
		{
			"from": [5, 6, 5],
			"to": [8, 12, 8],
			"rotation": {"angle": 0, "axis": "y", "origin": [5, -6, 5]},
			"faces": {
				"north": {"uv": [0, 8, 3, 14], "texture": "#0"},
				"east": {"uv": [0, 8, 3, 14], "texture": "#0"},
				"south": {"uv": [0, 8, 3, 14], "texture": "#0"},
				"west": {"uv": [0, 8, 3, 14], "texture": "#0"},
				"up": {"uv": [0, 8, 3, 11], "texture": "#0"},
				"down": {"uv": [0, 8, 3, 11], "texture": "#0"}
			}
		},
		{
			"from": [9, 6, 5],
			"to": [12, 12, 8],
			"rotation": {"angle": 0, "axis": "y", "origin": [9, -6, 5]},
			"faces": {
				"north": {"uv": [0, 8, 3, 14], "texture": "#0"},
				"east": {"uv": [0, 8, 3, 14], "texture": "#0"},
				"south": {"uv": [0, 8, 3, 14], "texture": "#0"},
				"west": {"uv": [0, 8, 3, 14], "texture": "#0"},
				"up": {"uv": [0, 8, 3, 11], "texture": "#0"},
				"down": {"uv": [0, 8, 3, 11], "texture": "#0"}
			}
		},
		{
			"from": [8, 6, 7],
			"to": [11, 13, 10],
			"rotation": {"angle": 0, "axis": "y", "origin": [8, -7, 7]},
			"faces": {
				"north": {"uv": [3, 6, 6, 13], "texture": "#0"},
				"east": {"uv": [3, 6, 6, 13], "texture": "#0"},
				"south": {"uv": [3, 6, 6, 13], "texture": "#0"},
				"west": {"uv": [3, 6, 6, 13], "texture": "#0"},
				"up": {"uv": [3, 6, 6, 9], "texture": "#0"},
				"down": {"uv": [12, 0, 15, 3], "texture": "#0"}
			}
		}
	],
	"display": {
		"thirdperson_righthand": {
			"rotation": [75, 45, 0],
			"translation": [0, 2.5, 0],
			"scale": [0.375, 0.375, 0.375]
		},
		"thirdperson_lefthand": {
			"rotation": [75, 45, 0],
			"translation": [0, 2.5, 0],
			"scale": [0.375, 0.375, 0.375]
		},
		"firstperson_righthand": {
			"rotation": [0, 45, 0],
			"scale": [0.4, 0.4, 0.4]
		},
		"firstperson_lefthand": {
			"rotation": [0, 225, 0],
			"scale": [0.4, 0.4, 0.4]
		},
		"ground": {
			"translation": [0, 3, 0],
			"scale": [0.25, 0.25, 0.25]
		},
		"gui": {
			"rotation": [30, 225, 0],
			"scale": [0.7, 0.7, 0.7]
		},
		"fixed": {
			"scale": [0.5, 0.5, 0.5]
		}
	},
	"groups": [
		{
			"name": "grass_butterfly1",
			"origin": [8, 8, 8],
			"color": 0,
			"children": [
				{
					"name": "group",
					"origin": [1.25, 10, 7.75],
					"color": 0,
					"children": [
						0,
						1,
						2,
						3,
						4,
						5,
						6,
						7,
						8,
						9,
						10,
						11,
						12,
						13,
						14,
						15,
						16,
						17,
						18,
						19,
						20,
						21,
						22,
						23,
						24,
						25,
						26,
						27,
						28,
						29,
						30,
						31,
						32,
						33,
						34,
						35,
						36,
						37,
						38,
						39,
						40,
						41,
						42,
						43,
						44,
						45,
						46,
						47,
						48,
						49,
						50,
						51,
						52,
						53,
						54,
						55,
						56,
						57,
						58,
						59,
						60,
						61,
						62,
						63,
						64,
						65,
						66,
						67,
						68,
						69,
						70,
						71,
						72,
						73,
						74,
						75,
						76,
						77,
						78,
						79,
						80,
						81,
						82,
						83,
						84,
						85,
						86,
						87,
						88,
						89,
						90,
						91,
						92,
						93,
						94,
						95,
						96,
						97,
						98,
						99,
						100,
						101,
						102,
						103
					]
				}
			]
		},
		104,
		105,
		106,
		107,
		108,
		109,
		110,
		111,
		{
			"name": "group",
			"origin": [8, -7, 7],
			"color": 0,
			"children": [112, 113, 114, 115, 116]
		}
	]
}