{
  "type": "geolosys:deposit_sparse",
  "config": {
    "yMin": -64,
    "yMax": 64,
    "size": 300,
    "spread": 24,
    "biomes": {
      "isBlacklist": false,
      "filter": ["SANDY"]
    },
    "dimensions": {
      "isBlacklist": false,
      "filter": ["overworld"]
    },
    "blocks": {
      "default": [
        {
          "block": "geolosys:lapis_ore",
          "chance": 1.0
        }
      ],
      "minecraft:deepslate": [
        {
          "block": "geolosys:deepslate_lapis_ore",
          "chance": 1.0
        }
      ]
    },
    "samples": [
      {
        "block": "geolosys:lapis_ore_sample",
        "chance": 1.0
      }
    ],
    "generationWeight": 2
  }
}
