{
	"credit": "Made with Blockbench",
	"textures": {
		"1": "cgm:items/medium_scope",
		"2": "cgm:effect/circular_reticle",
		"particle": "cgm:effect/circular_reticle"
	},
	"elements": [
		{
			"from": [7.3, 8, 7.0525],
			"to": [8.7, 9, 9.1965],
			"faces": {
				"north": {"uv": [7, 10, 9, 12], "rotation": 90, "texture": "#1", "tintindex": 0},
				"east": {"uv": [9, 8, 14, 10], "texture": "#1", "tintindex": 0},
				"south": {"uv": [14, 10, 16, 12], "rotation": 270, "texture": "#1", "tintindex": 0},
				"west": {"uv": [9, 14, 14, 12], "texture": "#1", "tintindex": 0},
				"down": {"uv": [14, 10, 9, 12], "texture": "#1", "tintindex": 0}
			}
		},
		{
			"from": [7.5, 8.7, 6.625],
			"to": [8.5, 9, 9.625],
			"rotation": {"angle": 0, "axis": "y", "origin": [8, 8, 7.275]},
			"faces": {
				"north": {"uv": [1, 6, 0, 8], "texture": "#1", "tintindex": 0},
				"south": {"uv": [9, 6, 8, 8], "texture": "#1", "tintindex": 0},
				"up": {"uv": [0, 14, 7, 16], "rotation": 90, "texture": "#1", "tintindex": 0},
				"down": {"uv": [1, 6, 8, 8], "rotation": 90, "texture": "#1", "tintindex": 0}
			}
		},
		{
			"from": [7.04435, 8.76565, 6.626],
			"to": [7.64435, 9.06565, 9.624],
			"rotation": {"angle": -45, "axis": "z", "origin": [7.49293, 8.90707, 8]},
			"faces": {
				"north": {"uv": [0, 5, 1, 6], "texture": "#1", "tintindex": 0},
				"south": {"uv": [8, 5, 9, 6], "texture": "#1", "tintindex": 0},
				"up": {"uv": [0, 13, 7, 14], "rotation": 90, "texture": "#1", "tintindex": 0},
				"down": {"uv": [8, 5, 1, 6], "rotation": 90, "texture": "#1", "tintindex": 0}
			}
		},
		{
			"from": [8.35858, 8.75858, 6.626],
			"to": [8.95858, 9.05858, 9.624],
			"rotation": {"angle": 45, "axis": "z", "origin": [8.5, 8.9, 8]},
			"faces": {
				"north": {"uv": [0, 5, 1, 6], "texture": "#1", "tintindex": 0},
				"south": {"uv": [8, 5, 9, 6], "texture": "#1", "tintindex": 0},
				"up": {"uv": [0, 13, 7, 14], "rotation": 90, "texture": "#1", "tintindex": 0},
				"down": {"uv": [8, 5, 1, 6], "rotation": 90, "texture": "#1", "tintindex": 0}
			}
		},
		{
			"from": [8.62426, 9.12426, 6.625],
			"to": [8.92426, 10.12426, 9.625],
			"rotation": {"angle": 0, "axis": "y", "origin": [7.72426, 7.72426, 8]},
			"faces": {
				"north": {"uv": [0, 3, 1, 5], "texture": "#1", "tintindex": 0},
				"east": {"uv": [8, 3, 1, 5], "texture": "#1", "tintindex": 0},
				"south": {"uv": [8, 3, 9, 5], "texture": "#1", "tintindex": 0},
				"west": {"uv": [0, 11, 7, 13], "texture": "#1", "tintindex": 0}
			}
		},
		{
			"from": [7.07574, 9.12426, 6.625],
			"to": [7.37574, 10.12426, 9.625],
			"rotation": {"angle": 0, "axis": "y", "origin": [8.27574, 7.72426, 8]},
			"faces": {
				"north": {"uv": [0, 3, 1, 5], "texture": "#1", "tintindex": 0},
				"east": {"uv": [0, 11, 7, 13], "texture": "#1", "tintindex": 0},
				"south": {"uv": [8, 3, 9, 5], "texture": "#1", "tintindex": 0},
				"west": {"uv": [1, 3, 8, 5], "texture": "#1", "tintindex": 0}
			}
		},
		{
			"from": [7.21716, 10.18284, 6.626],
			"to": [7.51716, 10.78284, 9.624],
			"rotation": {"angle": -45, "axis": "z", "origin": [7.07574, 10.32426, 8]},
			"faces": {
				"north": {"uv": [0, 2, 1, 3], "texture": "#1", "tintindex": 0},
				"east": {"uv": [0, 10, 7, 11], "texture": "#1", "tintindex": 0},
				"south": {"uv": [8, 2, 9, 3], "texture": "#1", "tintindex": 0},
				"west": {"uv": [1, 2, 8, 3], "texture": "#1", "tintindex": 0}
			}
		},
		{
			"from": [8.48284, 10.18284, 6.626],
			"to": [8.78284, 10.78284, 9.624],
			"rotation": {"angle": 45, "axis": "z", "origin": [8.92426, 10.32426, 8]},
			"faces": {
				"north": {"uv": [0, 2, 1, 3], "texture": "#1", "tintindex": 0},
				"east": {"uv": [8, 2, 1, 3], "texture": "#1", "tintindex": 0},
				"south": {"uv": [8, 2, 9, 3], "texture": "#1", "tintindex": 0},
				"west": {"uv": [0, 10, 7, 11], "texture": "#1", "tintindex": 0}
			}
		},
		{
			"from": [7.5, 10.24853, 6.625],
			"to": [8.5, 10.54853, 9.625],
			"rotation": {"angle": 0, "axis": "y", "origin": [7.8, 7.44853, 8]},
			"faces": {
				"north": {"uv": [0, 0, 1, 2], "texture": "#1", "tintindex": 0},
				"south": {"uv": [8, 0, 9, 2], "texture": "#1", "tintindex": 0},
				"up": {"uv": [1, 0, 8, 2], "rotation": 90, "texture": "#1", "tintindex": 0},
				"down": {"uv": [0, 8, 7, 10], "rotation": 90, "texture": "#1", "tintindex": 0}
			}
		},
		{
			"name": "reticle",
			"from": [7.75, 9.375, 7.985],
			"to": [8.25, 9.875, 7.985],
			"rotation": {"angle": 0, "axis": "y", "origin": [0, 0.22, 0.13]},
			"faces": {
				"south": {"uv": [0, 0, 15, 15], "texture": "#2", "tintindex": 2, "emissivity": 15}
			}
		}
	],
	"display": {
		"thirdperson_righthand": {
			"rotation": [15, 0, 0],
			"translation": [0, -0.25, 0],
			"scale": [1.5, 1.5, 1.5]
		},
		"firstperson_righthand": {
			"translation": [-2.5, 3.5, 3],
			"scale": [1.5, 1.5, 1.5]
		},
		"ground": {
			"translation": [0, -3, 0],
			"scale": [2, 2, 2]
		},
		"gui": {
			"rotation": [30, 225, 0],
			"translation": [0.25, -3.5, 0],
			"scale": [3, 3, 3]
		},
		"fixed": {
			"rotation": [0, 90, 0],
			"translation": [0, -3.75, -2],
			"scale": [3, 3, 3]
		}
	}
}