{
	"credit": "Made with Blockbench",
	"textures": {
		"1": "cgm:items/short_scope",
		"3": "cgm:effect/holo_reticle2"
	},
	"elements": [
		{
			"from": [7.1, 8.45, 6.90254],
			"to": [8.9, 9, 7.75754],
			"rotation": {"angle": 0, "axis": "y", "origin": [8, 8, 8.77007]},
			"faces": {
				"north": {"uv": [7, 2, 3, 3], "texture": "#1", "tintindex": 0},
				"east": {"uv": [1, 2, 3, 3], "texture": "#1", "tintindex": 0},
				"west": {"uv": [3, 2, 1, 3], "texture": "#1", "tintindex": 0},
				"up": {"uv": [7, 1, 11, 0], "rotation": 180, "texture": "#1", "tintindex": 0}
			}
		},
		{
			"from": [7.415, 8.45, 6.58754],
			"to": [8.585, 9, 6.90254],
			"rotation": {"angle": 0, "axis": "y", "origin": [8, 8, 8.45507]},
			"faces": {
				"north": {"uv": [7, 2, 3, 3], "texture": "#1", "tintindex": 0},
				"east": {"uv": [1, 2, 3, 3], "texture": "#1", "tintindex": 0},
				"west": {"uv": [3, 2, 1, 3], "texture": "#1", "tintindex": 0},
				"up": {"uv": [7, 1, 11, 0], "rotation": 180, "texture": "#1", "tintindex": 0},
				"down": {"uv": [4, 4, 6, 3], "rotation": 180, "texture": "#1", "tintindex": 0}
			}
		},
		{
			"from": [7.1, 8.4499, 6.90254],
			"to": [7.5455, 8.9999, 7.35254],
			"rotation": {"angle": 45, "axis": "y", "origin": [7.1, 8.9, 6.90254]},
			"faces": {
				"north": {"uv": [7, 2, 3, 3], "texture": "#1", "tintindex": 0},
				"east": {"uv": [1, 2, 3, 3], "texture": "#1", "tintindex": 0},
				"west": {"uv": [3, 2, 1, 3], "texture": "#1", "tintindex": 0},
				"up": {"uv": [7, 1, 11, 0], "rotation": 180, "texture": "#1", "tintindex": 0},
				"down": {"uv": [6, 4, 7, 3], "rotation": 180, "texture": "#1", "tintindex": 0}
			}
		},
		{
			"from": [8.4545, 8.4499, 6.90254],
			"to": [8.9, 8.9999, 7.35254],
			"rotation": {"angle": -45, "axis": "y", "origin": [8.9, 8.9, 6.90254]},
			"faces": {
				"north": {"uv": [3, 2, 7, 3], "texture": "#1", "tintindex": 0},
				"east": {"uv": [1, 2, 3, 3], "texture": "#1", "tintindex": 0},
				"west": {"uv": [3, 2, 1, 3], "texture": "#1", "tintindex": 0},
				"up": {"uv": [11, 1, 7, 0], "rotation": 180, "texture": "#1", "tintindex": 0},
				"down": {"uv": [3, 4, 4, 3], "rotation": 180, "texture": "#1", "tintindex": 0}
			}
		},
		{
			"from": [7.1009, 9.05009, 7.60439],
			"to": [7.3691, 10.12163, 8.05439],
			"rotation": {"angle": 22.5, "axis": "x", "origin": [7.1, 8.64, 7.55507]},
			"faces": {
				"north": {"uv": [3, 0, 2, 2], "rotation": 180, "texture": "#1", "tintindex": 0},
				"east": {"uv": [2, 2, 3, 0], "rotation": 270, "texture": "#1", "tintindex": 0},
				"west": {"uv": [2, 2, 3, 0], "rotation": 90, "texture": "#1", "tintindex": 0}
			}
		},
		{
			"from": [8.6309, 9.05009, 7.60439],
			"to": [8.8991, 10.12163, 8.05439],
			"rotation": {"angle": 22.5, "axis": "x", "origin": [8.9, 8.64, 7.55507]},
			"faces": {
				"north": {"uv": [3, 0, 2, 2], "rotation": 180, "texture": "#1", "tintindex": 0},
				"east": {"uv": [3, 2, 2, 0], "rotation": 90, "texture": "#1", "tintindex": 0},
				"west": {"uv": [2, 2, 3, 0], "rotation": 270, "texture": "#1", "tintindex": 0}
			}
		},
		{
			"from": [6.91361, 8, 8.6129],
			"to": [7.55, 8.45, 9.4679],
			"rotation": {"angle": -45, "axis": "z", "origin": [7.55, 8, 8.77007]},
			"faces": {
				"north": {"uv": [3, 3, 4, 4], "texture": "#1", "tintindex": 0},
				"south": {"uv": [6, 1, 7, 2], "texture": "#1", "tintindex": 0},
				"down": {"uv": [7, 6, 3, 4], "rotation": 180, "texture": "#1", "tintindex": 0}
			}
		},
		{
			"from": [7.1, 8.45, 8.612],
			"to": [8.9, 9, 9.467],
			"rotation": {"angle": 0, "axis": "y", "origin": [8, 8, 8.77007]},
			"faces": {
				"east": {"uv": [0, 2, 2, 3], "texture": "#1", "tintindex": 0},
				"south": {"uv": [7, 0, 3, 1], "texture": "#1", "tintindex": 0},
				"west": {"uv": [2, 2, 0, 3], "texture": "#1", "tintindex": 0},
				"up": {"uv": [7, 3, 11, 1], "rotation": 180, "texture": "#1", "tintindex": 0}
			}
		},
		{
			"from": [7.1, 9, 8.612],
			"to": [7.37, 9.99, 9.467],
			"rotation": {"angle": 0, "axis": "y", "origin": [8, 8.1, 8.82013]},
			"faces": {
				"east": {"uv": [11, 2, 13, 0], "rotation": 90, "texture": "#1", "tintindex": 0},
				"south": {"uv": [1, 4, 0, 6], "texture": "#1", "tintindex": 0},
				"west": {"uv": [0, 2, 2, 0], "rotation": 270, "texture": "#1", "tintindex": 0}
			}
		},
		{
			"from": [6.84548, 9.8846, 8.6121],
			"to": [7.11548, 10.26638, 9.4671],
			"rotation": {"angle": -45, "axis": "z", "origin": [7.10005, 9.63004, 8.37013]},
			"faces": {
				"east": {"uv": [7, 3, 8, 5], "rotation": 90, "texture": "#1", "tintindex": 0},
				"south": {"uv": [1, 4, 0, 5], "texture": "#1", "tintindex": 0},
				"west": {"uv": [3, 4, 1, 5], "texture": "#1", "tintindex": 0}
			}
		},
		{
			"from": [7.37, 9.99, 8.612],
			"to": [8.63, 10.26, 9.467],
			"rotation": {"angle": 0, "axis": "y", "origin": [8, 8.1, 8.82013]},
			"faces": {
				"south": {"uv": [3, 5, 0, 6], "texture": "#1", "tintindex": 0},
				"up": {"uv": [0, 7, 3, 5], "texture": "#1", "tintindex": 0},
				"down": {"uv": [7, 7, 10, 5], "rotation": 180, "texture": "#1", "tintindex": 0}
			}
		},
		{
			"from": [8.88452, 9.8846, 8.6121],
			"to": [9.15452, 10.26638, 9.4671],
			"rotation": {"angle": 45, "axis": "z", "origin": [8.89996, 9.63004, 8.37013]},
			"faces": {
				"east": {"uv": [3, 4, 1, 5], "rotation": 180, "texture": "#1", "tintindex": 0},
				"south": {"uv": [1, 4, 0, 5], "texture": "#1", "tintindex": 0},
				"west": {"uv": [8, 3, 9, 5], "rotation": 270, "texture": "#1", "tintindex": 0}
			}
		},
		{
			"from": [8.45, 8, 8.6129],
			"to": [9.08639, 8.45, 9.4679],
			"rotation": {"angle": 45, "axis": "z", "origin": [8.45, 8, 8.77007]},
			"faces": {
				"north": {"uv": [7, 3, 6, 4], "texture": "#1", "tintindex": 0},
				"south": {"uv": [4, 1, 3, 2], "texture": "#1", "tintindex": 0},
				"down": {"uv": [3, 6, 7, 4], "rotation": 180, "texture": "#1", "tintindex": 0}
			}
		},
		{
			"from": [7.55, 8, 8.612],
			"to": [8.45, 8.45, 9.467],
			"rotation": {"angle": 0, "axis": "y", "origin": [8, 8, 8.77007]},
			"faces": {
				"south": {"uv": [6, 1, 4, 2], "texture": "#1", "tintindex": 0},
				"down": {"uv": [3, 6, 7, 4], "rotation": 180, "texture": "#1", "tintindex": 0}
			}
		},
		{
			"from": [8.63, 9, 8.612],
			"to": [8.9, 9.99, 9.467],
			"rotation": {"angle": 0, "axis": "y", "origin": [8, 8.1, 8.82013]},
			"faces": {
				"east": {"uv": [2, 2, 0, 0], "rotation": 90, "texture": "#1", "tintindex": 0},
				"south": {"uv": [1, 4, 0, 6], "texture": "#1", "tintindex": 0},
				"west": {"uv": [13, 2, 15, 0], "rotation": 270, "texture": "#1", "tintindex": 0}
			}
		},
		{
			"from": [6.91361, 8, 6.9029],
			"to": [7.55, 8.45, 8.6129],
			"rotation": {"angle": -45, "axis": "z", "origin": [7.55, 8, 8.32007]},
			"faces": {
				"north": {"uv": [3, 3, 4, 4], "texture": "#1", "tintindex": 0},
				"south": {"uv": [6, 1, 7, 2], "texture": "#1", "tintindex": 0},
				"down": {"uv": [7, 6, 3, 5], "rotation": 180, "texture": "#1", "tintindex": 0}
			}
		},
		{
			"from": [7.1, 8.45, 7.757],
			"to": [8.9, 9, 8.612],
			"rotation": {"angle": 0, "axis": "y", "origin": [8, 8, 8.32007]},
			"faces": {
				"east": {"uv": [1, 2, 2, 3], "texture": "#1", "tintindex": 0},
				"west": {"uv": [2, 2, 1, 3], "texture": "#1", "tintindex": 0},
				"up": {"uv": [7, 2, 11, 1], "rotation": 180, "texture": "#1", "tintindex": 0}
			}
		},
		{
			"from": [7.1, 9, 8.1629],
			"to": [7.37, 9.99, 8.6129],
			"rotation": {"angle": 0, "axis": "y", "origin": [8, 8.1, 8.37013]},
			"faces": {
				"east": {"uv": [11, 2, 13, 1], "rotation": 90, "texture": "#1", "tintindex": 0},
				"west": {"uv": [0, 2, 2, 1], "rotation": 270, "texture": "#1", "tintindex": 0}
			}
		},
		{
			"from": [6.84548, 9.8846, 8.1621],
			"to": [7.11548, 10.26638, 8.6121],
			"rotation": {"angle": -45, "axis": "z", "origin": [7.10005, 9.63004, 7.92013]},
			"faces": {
				"north": {"uv": [3, 4, 2, 5], "texture": "#1", "tintindex": 0},
				"east": {"uv": [7, 3, 8, 4], "rotation": 90, "texture": "#1", "tintindex": 0},
				"west": {"uv": [3, 4, 2, 5], "texture": "#1", "tintindex": 0}
			}
		},
		{
			"from": [7.37, 9.99, 8.162],
			"to": [8.63, 10.26, 8.612],
			"rotation": {"angle": 0, "axis": "y", "origin": [8, 8.1, 8.37013]},
			"faces": {
				"north": {"uv": [3, 6, 0, 7], "texture": "#1", "tintindex": 0},
				"up": {"uv": [0, 7, 3, 6], "texture": "#1", "tintindex": 0},
				"down": {"uv": [7, 7, 10, 6], "rotation": 180, "texture": "#1", "tintindex": 0}
			}
		},
		{
			"from": [8.88452, 9.8846, 8.1621],
			"to": [9.15452, 10.26638, 8.6121],
			"rotation": {"angle": 45, "axis": "z", "origin": [8.89996, 9.63004, 7.92013]},
			"faces": {
				"north": {"uv": [3, 4, 2, 5], "texture": "#1", "tintindex": 0},
				"east": {"uv": [3, 4, 2, 5], "rotation": 180, "texture": "#1", "tintindex": 0},
				"west": {"uv": [8, 3, 9, 4], "rotation": 270, "texture": "#1", "tintindex": 0}
			}
		},
		{
			"from": [8.45, 8, 6.9029],
			"to": [9.08639, 8.45, 8.6129],
			"rotation": {"angle": 45, "axis": "z", "origin": [8.45, 8, 8.32007]},
			"faces": {
				"north": {"uv": [7, 3, 6, 4], "texture": "#1", "tintindex": 0},
				"south": {"uv": [4, 1, 3, 2], "texture": "#1", "tintindex": 0},
				"down": {"uv": [3, 6, 7, 5], "rotation": 180, "texture": "#1", "tintindex": 0}
			}
		},
		{
			"from": [7.55, 8, 6.902],
			"to": [8.45, 8.45, 8.612],
			"rotation": {"angle": 0, "axis": "y", "origin": [8, 8, 8.32007]},
			"faces": {
				"north": {"uv": [6, 3, 4, 4], "texture": "#1", "tintindex": 0},
				"down": {"uv": [3, 6, 7, 5], "rotation": 180, "texture": "#1", "tintindex": 0}
			}
		},
		{
			"from": [8.63, 9, 8.162],
			"to": [8.9, 9.99, 8.612],
			"rotation": {"angle": 0, "axis": "y", "origin": [8, 8.1, 8.37013]},
			"faces": {
				"east": {"uv": [2, 2, 0, 1], "rotation": 90, "texture": "#1", "tintindex": 0},
				"west": {"uv": [13, 2, 15, 1], "rotation": 270, "texture": "#1", "tintindex": 0}
			}
		},
		{
			"name": "reticle",
			"from": [7.73, 9.225, 8.945],
			"to": [8.27, 9.765, 8.945],
			"rotation": {"angle": 0, "axis": "y", "origin": [0.8, 0.9, 2.06]},
			"faces": {
				"south": {"uv": [0, 0, 15, 15], "texture": "#3", "tintindex": 2, "emissivity": 15}
			}
		}
	],
	"display": {
		"thirdperson_righthand": {
			"rotation": [47, 270, 0],
			"translation": [-0.25, -0.5, -1],
			"scale": [2, 2, 2]
		},
		"firstperson_righthand": {
			"translation": [0, 2, 2],
			"scale": [1.5, 1.5, 1.5]
		},
		"ground": {
			"translation": [0, -3, 0.5],
			"scale": [2, 2, 2]
		},
		"gui": {
			"rotation": [30, 225, 0],
			"translation": [-0.75, -3.75, 0],
			"scale": [4, 4, 4]
		},
		"fixed": {
			"translation": [0, -4.75, -2],
			"scale": [4, 4, 4]
		}
	},
	"groups": [
		{
			"name": "group",
			"origin": [0, 0, 0],
			"color": 0,
			"nbt": "{}",
			"children": [
				0,
				1,
				2,
				3,
				4,
				5,
				{
					"name": "group",
					"origin": [8, 8, 7.41126],
					"color": 0,
					"nbt": "{}",
					"children": [6, 7, 8, 9, 10, 11, 12, 13, 14]
				},
				{
					"name": "group",
					"origin": [8, 8, 7.41126],
					"color": 0,
					"nbt": "{}",
					"children": [15, 16, 17, 18, 19, 20, 21, 22, 23]
				},
				24
			]
		}
	]
}